,ID_PAIS,NOMBRE_PAIS
0,1,MEXICO
1,1,MEXICO
2,1,MEXICO
3,1,MEXICO
4,1,MEXICO
5,1,MEXICO
6,1,MEXICO
7,1,MEXICO
8,1,MEXICO
9,1,MEXICO
10,1,MEXICO
11,1,MEXICO
12,1,MEXICO
13,1,MEXICO
14,1,MEXICO
15,1,MEXICO
16,1,MEXICO
17,1,MEXICO
18,1,MEXICO
19,1,MEXICO
20,1,MEXICO
21,1,MEXICO
22,1,MEXICO
23,1,MEXICO
24,1,MEXICO
25,1,MEXICO
26,1,MEXICO
27,1,MEXICO
28,1,MEXICO
29,1,MEXICO
30,1,MEXICO
31,1,MEXICO
32,1,MEXICO
33,1,MEXICO
34,1,MEXICO
35,1,MEXICO
36,1,MEXICO
37,1,MEXICO
38,1,MEXICO
39,1,MEXICO
40,1,MEXICO
41,1,MEXICO
42,1,MEXICO
43,1,MEXICO
44,1,MEXICO
45,1,MEXICO
46,1,MEXICO
47,1,MEXICO
48,1,MEXICO
49,1,MEXICO
50,1,MEXICO
51,1,MEXICO
52,1,MEXICO
53,1,MEXICO
54,1,MEXICO
55,1,MEXICO
56,1,MEXICO
57,1,MEXICO
58,1,MEXICO
59,1,MEXICO
60,1,MEXICO
61,1,MEXICO
62,1,MEXICO
63,1,MEXICO
64,1,MEXICO
65,1,MEXICO
66,1,MEXICO
67,1,MEXICO
68,1,MEXICO
69,1,MEXICO
70,1,MEXICO
71,1,MEXICO
72,1,MEXICO
73,1,MEXICO
74,1,MEXICO
75,1,MEXICO
76,1,MEXICO
77,1,MEXICO
78,1,MEXICO
79,1,MEXICO
80,1,MEXICO
81,1,MEXICO
82,1,MEXICO
83,1,MEXICO
84,1,MEXICO
85,1,MEXICO
86,1,MEXICO
87,1,MEXICO
88,1,MEXICO
89,1,MEXICO
90,1,MEXICO
91,1,MEXICO
92,1,MEXICO
93,1,MEXICO
94,1,MEXICO
95,1,MEXICO
96,1,MEXICO
97,1,MEXICO
98,1,MEXICO
99,1,MEXICO
100,1,MEXICO
101,1,MEXICO
102,1,MEXICO
103,1,MEXICO
104,1,MEXICO
105,1,MEXICO
106,1,MEXICO
107,1,MEXICO
108,1,MEXICO
109,1,MEXICO
110,1,MEXICO
111,1,MEXICO
112,1,MEXICO
113,1,MEXICO
114,1,MEXICO
115,1,MEXICO
116,1,MEXICO
117,1,MEXICO
118,1,MEXICO
119,1,MEXICO
120,1,MEXICO
121,1,MEXICO
122,1,MEXICO
123,1,MEXICO
124,1,MEXICO
125,1,MEXICO
126,1,MEXICO
127,1,MEXICO
128,1,MEXICO
129,1,MEXICO
130,1,MEXICO
131,1,MEXICO
132,1,MEXICO
133,1,MEXICO
134,1,MEXICO
135,1,MEXICO
136,1,MEXICO
137,1,MEXICO
138,1,MEXICO
139,1,MEXICO
140,1,MEXICO
141,1,MEXICO
142,1,MEXICO
143,1,MEXICO
144,1,MEXICO
145,1,MEXICO
146,1,MEXICO
147,1,MEXICO
148,1,MEXICO
149,1,MEXICO
150,1,MEXICO
151,1,MEXICO
152,1,MEXICO
153,1,MEXICO
154,1,MEXICO
155,1,MEXICO
156,1,MEXICO
157,1,MEXICO
158,1,MEXICO
159,1,MEXICO
160,1,MEXICO
161,1,MEXICO
162,1,MEXICO
163,1,MEXICO
164,1,MEXICO
165,1,MEXICO
166,1,MEXICO
167,1,MEXICO
168,1,MEXICO
169,1,MEXICO
170,1,MEXICO
171,1,MEXICO
172,1,MEXICO
173,1,MEXICO
174,1,MEXICO
175,1,MEXICO
176,1,MEXICO
177,1,MEXICO
178,1,MEXICO
179,1,MEXICO
180,1,MEXICO
181,1,MEXICO
182,1,MEXICO
183,1,MEXICO
184,1,MEXICO
185,1,MEXICO
186,1,MEXICO
187,1,MEXICO
188,1,MEXICO
189,1,MEXICO
190,1,MEXICO
191,1,MEXICO
192,1,MEXICO
193,1,MEXICO
194,1,MEXICO
195,1,MEXICO
196,1,MEXICO
197,1,MEXICO
198,1,MEXICO
199,1,MEXICO
200,1,MEXICO
201,1,MEXICO
202,1,MEXICO
203,1,MEXICO
204,1,MEXICO
205,1,MEXICO
206,1,MEXICO
207,1,MEXICO
208,1,MEXICO
209,1,MEXICO
210,1,MEXICO
211,1,MEXICO
212,1,MEXICO
213,1,MEXICO
214,1,MEXICO
215,1,MEXICO
216,1,MEXICO
217,1,MEXICO
218,1,MEXICO
219,1,MEXICO
220,1,MEXICO
221,1,MEXICO
222,1,MEXICO
223,1,MEXICO
224,1,MEXICO
225,1,MEXICO
226,1,MEXICO
227,1,MEXICO
228,1,MEXICO
229,1,MEXICO
230,1,MEXICO
231,1,MEXICO
232,1,MEXICO
233,1,MEXICO
234,1,MEXICO
235,1,MEXICO
236,1,MEXICO
237,1,MEXICO
238,1,MEXICO
239,1,MEXICO
240,1,MEXICO
241,1,MEXICO
242,1,MEXICO
243,1,MEXICO
244,1,MEXICO
245,1,MEXICO
246,1,MEXICO
247,1,MEXICO
248,1,MEXICO
249,1,MEXICO
250,1,MEXICO
251,1,MEXICO
252,1,MEXICO
253,1,MEXICO
254,1,MEXICO
255,1,MEXICO
256,1,MEXICO
257,1,MEXICO
258,1,MEXICO
259,1,MEXICO
260,1,MEXICO
261,1,MEXICO
262,1,MEXICO
263,1,MEXICO
264,1,MEXICO
265,1,MEXICO
266,1,MEXICO
267,1,MEXICO
268,1,MEXICO
269,1,MEXICO
270,1,MEXICO
271,1,MEXICO
272,1,MEXICO
273,1,MEXICO
274,1,MEXICO
275,1,MEXICO
276,1,MEXICO
277,1,MEXICO
278,1,MEXICO
279,1,MEXICO
280,1,MEXICO
281,1,MEXICO
282,1,MEXICO
283,1,MEXICO
284,1,MEXICO
285,1,MEXICO
286,1,MEXICO
287,1,MEXICO
288,1,MEXICO
289,1,MEXICO
290,1,MEXICO
291,1,MEXICO
292,1,MEXICO
293,1,MEXICO
294,1,MEXICO
295,1,MEXICO
296,1,MEXICO
297,1,MEXICO
298,1,MEXICO
299,1,MEXICO
300,1,MEXICO
301,1,MEXICO
302,1,MEXICO
303,1,MEXICO
304,1,MEXICO
305,1,MEXICO
306,1,MEXICO
307,1,MEXICO
308,1,MEXICO
309,1,MEXICO
310,10,ARGENTINA
311,1,MEXICO
312,1,MEXICO
313,1,MEXICO
314,1,MEXICO
315,1,MEXICO
316,1,MEXICO
317,1,MEXICO
318,1,MEXICO
319,1,MEXICO
320,1,MEXICO
321,1,MEXICO
322,1,MEXICO
323,1,MEXICO
324,1,MEXICO
325,1,MEXICO
326,1,MEXICO
327,1,MEXICO
328,1,MEXICO
329,1,MEXICO
330,1,MEXICO
331,1,MEXICO
332,1,MEXICO
333,1,MEXICO
334,1,MEXICO
335,1,MEXICO
336,1,MEXICO
337,1,MEXICO
338,1,MEXICO
339,1,MEXICO
340,1,MEXICO
341,1,MEXICO
342,1,MEXICO
343,1,MEXICO
344,1,MEXICO
345,1,MEXICO
346,1,MEXICO
347,1,MEXICO
348,1,MEXICO
349,1,MEXICO
350,1,MEXICO
351,1,MEXICO
352,1,MEXICO
353,1,MEXICO
354,1,MEXICO
355,1,MEXICO
356,1,MEXICO
357,1,MEXICO
358,1,MEXICO
359,1,MEXICO
360,1,MEXICO
361,1,MEXICO
362,1,MEXICO
363,1,MEXICO
364,1,MEXICO
365,1,MEXICO
366,1,MEXICO
367,1,MEXICO
368,1,MEXICO
369,1,MEXICO
370,1,MEXICO
371,1,MEXICO
372,1,MEXICO
373,1,MEXICO
374,1,MEXICO
375,1,MEXICO
376,1,MEXICO
377,1,MEXICO
378,1,MEXICO
379,1,MEXICO
380,1,MEXICO
381,1,MEXICO
382,1,MEXICO
383,1,MEXICO
384,1,MEXICO
385,1,MEXICO
386,1,MEXICO
387,1,MEXICO
388,1,MEXICO
389,1,MEXICO
390,1,MEXICO
391,1,MEXICO
392,1,MEXICO
393,1,MEXICO
394,1,MEXICO
395,1,MEXICO
396,1,MEXICO
397,1,MEXICO
398,1,MEXICO
399,1,MEXICO
400,1,MEXICO
401,1,MEXICO
402,1,MEXICO
403,1,MEXICO
404,1,MEXICO
405,1,MEXICO
406,1,MEXICO
407,1,MEXICO
408,1,MEXICO
409,1,MEXICO
410,1,MEXICO
411,1,MEXICO
412,1,MEXICO
413,1,MEXICO
414,1,MEXICO
415,1,MEXICO
416,1,MEXICO
417,1,MEXICO
418,1,MEXICO
419,1,MEXICO
420,1,MEXICO
421,1,MEXICO
422,1,MEXICO
423,1,MEXICO
424,1,MEXICO
425,1,MEXICO
426,1,MEXICO
427,1,MEXICO
428,1,MEXICO
429,1,MEXICO
430,1,MEXICO
431,1,MEXICO
432,1,MEXICO
433,1,MEXICO
434,1,MEXICO
435,1,MEXICO
436,1,MEXICO
437,1,MEXICO
438,1,MEXICO
439,1,MEXICO
440,1,MEXICO
441,1,MEXICO
442,1,MEXICO
443,1,MEXICO
444,1,MEXICO
445,1,MEXICO
446,1,MEXICO
447,1,MEXICO
448,1,MEXICO
449,1,MEXICO
450,1,MEXICO
451,1,MEXICO
452,1,MEXICO
453,1,MEXICO
454,1,MEXICO
455,1,MEXICO
456,1,MEXICO
457,1,MEXICO
458,1,MEXICO
459,1,MEXICO
460,1,MEXICO
461,1,MEXICO
462,1,MEXICO
463,1,MEXICO
464,1,MEXICO
465,1,MEXICO
466,1,MEXICO
467,1,MEXICO
468,1,MEXICO
469,1,MEXICO
470,1,MEXICO
471,1,MEXICO
472,1,MEXICO
473,1,MEXICO
474,1,MEXICO
475,1,MEXICO
476,1,MEXICO
477,1,MEXICO
478,1,MEXICO
479,1,MEXICO
480,1,MEXICO
481,1,MEXICO
482,1,MEXICO
483,1,MEXICO
484,1,MEXICO
485,1,MEXICO
486,1,MEXICO
487,1,MEXICO
488,1,MEXICO
489,1,MEXICO
490,1,MEXICO
491,1,MEXICO
492,1,MEXICO
493,1,MEXICO
494,1,MEXICO
495,1,MEXICO
496,1,MEXICO
497,1,MEXICO
498,1,MEXICO
499,1,MEXICO
500,1,MEXICO
501,1,MEXICO
502,1,MEXICO
503,1,MEXICO
504,1,MEXICO
505,1,MEXICO
506,1,MEXICO
507,1,MEXICO
508,1,MEXICO
509,1,MEXICO
510,1,MEXICO
511,1,MEXICO
512,1,MEXICO
513,1,MEXICO
514,1,MEXICO
515,1,MEXICO
516,1,MEXICO
517,1,MEXICO
518,1,MEXICO
519,1,MEXICO
520,1,MEXICO
521,1,MEXICO
522,1,MEXICO
523,1,MEXICO
524,1,MEXICO
525,1,MEXICO
526,1,MEXICO
527,1,MEXICO
528,1,MEXICO
529,1,MEXICO
530,1,MEXICO
531,1,MEXICO
532,1,MEXICO
533,1,MEXICO
534,1,MEXICO
535,1,MEXICO
536,1,MEXICO
537,1,MEXICO
538,1,MEXICO
539,1,MEXICO
540,1,MEXICO
541,1,MEXICO
542,1,MEXICO
543,1,MEXICO
544,1,MEXICO
545,1,MEXICO
546,1,MEXICO
547,1,MEXICO
548,1,MEXICO
549,1,MEXICO
550,1,MEXICO
551,1,MEXICO
552,1,MEXICO
553,1,MEXICO
554,1,MEXICO
555,1,MEXICO
556,1,MEXICO
557,1,MEXICO
558,1,MEXICO
559,1,MEXICO
560,1,MEXICO
561,1,MEXICO
562,1,MEXICO
563,1,MEXICO
564,1,MEXICO
565,1,MEXICO
566,1,MEXICO
567,1,MEXICO
568,1,MEXICO
569,1,MEXICO
570,1,MEXICO
571,1,MEXICO
572,1,MEXICO
573,1,MEXICO
574,1,MEXICO
575,1,MEXICO
576,1,MEXICO
577,1,MEXICO
578,1,MEXICO
579,1,MEXICO
580,1,MEXICO
581,1,MEXICO
582,1,MEXICO
583,1,MEXICO
584,1,MEXICO
585,1,MEXICO
586,1,MEXICO
587,1,MEXICO
588,1,MEXICO
589,1,MEXICO
590,1,MEXICO
591,1,MEXICO
592,1,MEXICO
593,1,MEXICO
594,1,MEXICO
595,1,MEXICO
596,1,MEXICO
597,1,MEXICO
598,1,MEXICO
599,1,MEXICO
600,1,MEXICO
601,1,MEXICO
602,1,MEXICO
603,1,MEXICO
604,1,MEXICO
605,1,MEXICO
606,1,MEXICO
607,1,MEXICO
608,1,MEXICO
609,1,MEXICO
610,1,MEXICO
611,1,MEXICO
612,1,MEXICO
613,1,MEXICO
614,1,MEXICO
615,1,MEXICO
616,1,MEXICO
617,1,MEXICO
618,1,MEXICO
619,1,MEXICO
620,1,MEXICO
621,1,MEXICO
622,1,MEXICO
623,1,MEXICO
624,1,MEXICO
625,1,MEXICO
626,1,MEXICO
627,1,MEXICO
628,1,MEXICO
629,1,MEXICO
630,1,MEXICO
631,1,MEXICO
632,1,MEXICO
633,1,MEXICO
634,1,MEXICO
635,1,MEXICO
636,1,MEXICO
637,1,MEXICO
638,1,MEXICO
639,1,MEXICO
640,1,MEXICO
641,1,MEXICO
642,1,MEXICO
643,1,MEXICO
644,1,MEXICO
645,1,MEXICO
646,1,MEXICO
647,1,MEXICO
648,1,MEXICO
649,1,MEXICO
650,1,MEXICO
651,1,MEXICO
652,1,MEXICO
653,1,MEXICO
654,1,MEXICO
655,1,MEXICO
656,1,MEXICO
657,1,MEXICO
658,1,MEXICO
659,1,MEXICO
660,1,MEXICO
661,1,MEXICO
662,1,MEXICO
663,1,MEXICO
664,1,MEXICO
665,1,MEXICO
666,1,MEXICO
667,1,MEXICO
668,1,MEXICO
669,1,MEXICO
670,1,MEXICO
671,1,MEXICO
672,1,MEXICO
673,1,MEXICO
674,1,MEXICO
675,1,MEXICO
676,1,MEXICO
677,1,MEXICO
678,1,MEXICO
679,1,MEXICO
680,1,MEXICO
681,1,MEXICO
682,1,MEXICO
683,1,MEXICO
684,1,MEXICO
685,1,MEXICO
686,1,MEXICO
687,1,MEXICO
688,1,MEXICO
689,1,MEXICO
690,1,MEXICO
691,1,MEXICO
692,1,MEXICO
693,1,MEXICO
694,1,MEXICO
695,1,MEXICO
696,1,MEXICO
697,1,MEXICO
698,1,MEXICO
699,1,MEXICO
700,1,MEXICO
701,1,MEXICO
702,1,MEXICO
703,1,MEXICO
704,1,MEXICO
705,1,MEXICO
706,1,MEXICO
707,1,MEXICO
708,1,MEXICO
709,1,MEXICO
710,1,MEXICO
711,1,MEXICO
712,1,MEXICO
713,1,MEXICO
714,1,MEXICO
715,1,MEXICO
716,1,MEXICO
717,1,MEXICO
718,1,MEXICO
719,1,MEXICO
720,1,MEXICO
721,1,MEXICO
722,1,MEXICO
723,1,MEXICO
724,1,MEXICO
725,1,MEXICO
726,1,MEXICO
727,1,MEXICO
728,1,MEXICO
729,1,MEXICO
730,1,MEXICO
731,1,MEXICO
732,1,MEXICO
733,1,MEXICO
734,1,MEXICO
735,1,MEXICO
736,1,MEXICO
737,1,MEXICO
738,1,MEXICO
739,1,MEXICO
740,1,MEXICO
741,1,MEXICO
742,1,MEXICO
743,1,MEXICO
744,1,MEXICO
745,1,MEXICO
746,1,MEXICO
747,1,MEXICO
748,1,MEXICO
749,1,MEXICO
750,1,MEXICO
751,1,MEXICO
752,1,MEXICO
753,1,MEXICO
754,1,MEXICO
755,1,MEXICO
756,1,MEXICO
757,1,MEXICO
758,1,MEXICO
759,1,MEXICO
760,1,MEXICO
761,1,MEXICO
762,1,MEXICO
763,1,MEXICO
764,1,MEXICO
765,1,MEXICO
766,1,MEXICO
767,1,MEXICO
768,1,MEXICO
769,1,MEXICO
770,1,MEXICO
771,1,MEXICO
772,1,MEXICO
773,1,MEXICO
774,1,MEXICO
775,1,MEXICO
776,1,MEXICO
777,1,MEXICO
778,1,MEXICO
779,1,MEXICO
780,1,MEXICO
781,1,MEXICO
782,1,MEXICO
783,1,MEXICO
784,1,MEXICO
785,1,MEXICO
786,1,MEXICO
787,1,MEXICO
788,1,MEXICO
789,1,MEXICO
790,1,MEXICO
791,1,MEXICO
792,1,MEXICO
793,1,MEXICO
794,1,MEXICO
795,1,MEXICO
796,1,MEXICO
797,1,MEXICO
798,1,MEXICO
799,1,MEXICO
800,1,MEXICO
801,1,MEXICO
802,1,MEXICO
803,1,MEXICO
804,1,MEXICO
805,1,MEXICO
806,1,MEXICO
807,1,MEXICO
808,1,MEXICO
809,1,MEXICO
810,1,MEXICO
811,1,MEXICO
812,1,MEXICO
813,1,MEXICO
814,1,MEXICO
815,1,MEXICO
816,1,MEXICO
817,1,MEXICO
818,1,MEXICO
819,1,MEXICO
820,1,MEXICO
821,1,MEXICO
822,1,MEXICO
823,1,MEXICO
824,1,MEXICO
825,1,MEXICO
826,1,MEXICO
827,1,MEXICO
828,1,MEXICO
829,1,MEXICO
830,1,MEXICO
831,1,MEXICO
832,1,MEXICO
833,1,MEXICO
834,1,MEXICO
835,1,MEXICO
836,1,MEXICO
837,1,MEXICO
838,1,MEXICO
839,1,MEXICO
840,1,MEXICO
841,1,MEXICO
842,1,MEXICO
843,1,MEXICO
844,1,MEXICO
845,1,MEXICO
846,1,MEXICO
847,1,MEXICO
848,1,MEXICO
849,1,MEXICO
850,1,MEXICO
851,1,MEXICO
852,1,MEXICO
853,1,MEXICO
854,1,MEXICO
855,1,MEXICO
856,1,MEXICO
857,1,MEXICO
858,1,MEXICO
859,1,MEXICO
860,1,MEXICO
861,1,MEXICO
862,1,MEXICO
863,1,MEXICO
864,1,MEXICO
865,1,MEXICO
866,1,MEXICO
867,1,MEXICO
868,1,MEXICO
869,1,MEXICO
870,1,MEXICO
871,1,MEXICO
872,1,MEXICO
873,1,MEXICO
874,1,MEXICO
875,1,MEXICO
876,1,MEXICO
877,1,MEXICO
878,1,MEXICO
879,1,MEXICO
880,1,MEXICO
881,1,MEXICO
882,1,MEXICO
883,1,MEXICO
884,1,MEXICO
885,1,MEXICO
886,1,MEXICO
887,1,MEXICO
888,1,MEXICO
889,1,MEXICO
890,1,MEXICO
891,1,MEXICO
892,1,MEXICO
893,1,MEXICO
894,1,MEXICO
895,1,MEXICO
896,1,MEXICO
897,1,MEXICO
898,1,MEXICO
899,1,MEXICO
900,1,MEXICO
901,1,MEXICO
902,1,MEXICO
903,1,MEXICO
904,1,MEXICO
905,1,MEXICO
906,1,MEXICO
907,1,MEXICO
908,1,MEXICO
909,1,MEXICO
910,1,MEXICO
911,1,MEXICO
912,1,MEXICO
913,1,MEXICO
914,1,MEXICO
915,1,MEXICO
916,1,MEXICO
917,1,MEXICO
918,1,MEXICO
919,1,MEXICO
920,1,MEXICO
921,1,MEXICO
922,1,MEXICO
923,1,MEXICO
924,1,MEXICO
925,1,MEXICO
926,1,MEXICO
927,1,MEXICO
928,1,MEXICO
929,1,MEXICO
930,1,MEXICO
931,1,MEXICO
932,1,MEXICO
933,1,MEXICO
934,1,MEXICO
935,1,MEXICO
936,1,MEXICO
937,1,MEXICO
938,1,MEXICO
939,1,MEXICO
940,1,MEXICO
941,1,MEXICO
942,1,MEXICO
943,1,MEXICO
944,1,MEXICO
945,1,MEXICO
946,1,MEXICO
947,1,MEXICO
948,1,MEXICO
949,1,MEXICO
950,1,MEXICO
951,1,MEXICO
952,1,MEXICO
953,1,MEXICO
954,1,MEXICO
955,1,MEXICO
956,1,MEXICO
957,1,MEXICO
958,1,MEXICO
959,1,MEXICO
960,1,MEXICO
961,1,MEXICO
962,1,MEXICO
963,1,MEXICO
964,1,MEXICO
965,1,MEXICO
966,1,MEXICO
967,1,MEXICO
968,1,MEXICO
969,1,MEXICO
970,1,MEXICO
971,1,MEXICO
972,1,MEXICO
973,1,MEXICO
974,1,MEXICO
975,1,MEXICO
976,1,MEXICO
977,1,MEXICO
978,1,MEXICO
979,1,MEXICO
980,1,MEXICO
981,1,MEXICO
982,1,MEXICO
983,1,MEXICO
984,1,MEXICO
985,1,MEXICO
986,1,MEXICO
987,1,MEXICO
988,1,MEXICO
989,1,MEXICO
990,1,MEXICO
991,1,MEXICO
992,1,MEXICO
993,1,MEXICO
994,1,MEXICO
995,1,MEXICO
996,1,MEXICO
997,1,MEXICO
998,1,MEXICO
999,1,MEXICO
1000,1,MEXICO
1001,1,MEXICO
1002,1,MEXICO
1003,1,MEXICO
1004,1,MEXICO
1005,1,MEXICO
1006,1,MEXICO
1007,1,MEXICO
1008,1,MEXICO
1009,1,MEXICO
1010,1,MEXICO
1011,1,MEXICO
1012,1,MEXICO
1013,1,MEXICO
1014,1,MEXICO
1015,1,MEXICO
1016,1,MEXICO
1017,1,MEXICO
1018,1,MEXICO
1019,1,MEXICO
1020,1,MEXICO
1021,1,MEXICO
1022,1,MEXICO
1023,1,MEXICO
1024,1,MEXICO
1025,1,MEXICO
1026,1,MEXICO
1027,1,MEXICO
1028,1,MEXICO
1029,1,MEXICO
1030,1,MEXICO
1031,1,MEXICO
1032,1,MEXICO
1033,1,MEXICO
1034,1,MEXICO
1035,1,MEXICO
1036,1,MEXICO
1037,1,MEXICO
1038,1,MEXICO
1039,1,MEXICO
1040,1,MEXICO
1041,1,MEXICO
1042,1,MEXICO
1043,1,MEXICO
1044,1,MEXICO
1045,1,MEXICO
1046,1,MEXICO
1047,1,MEXICO
1048,1,MEXICO
1049,1,MEXICO
1050,1,MEXICO
1051,1,MEXICO
1052,1,MEXICO
1053,1,MEXICO
1054,1,MEXICO
1055,1,MEXICO
1056,1,MEXICO
1057,1,MEXICO
1058,1,MEXICO
1059,1,MEXICO
1060,1,MEXICO
1061,1,MEXICO
1062,1,MEXICO
1063,1,MEXICO
1064,1,MEXICO
1065,1,MEXICO
1066,1,MEXICO
1067,1,MEXICO
1068,1,MEXICO
1069,1,MEXICO
1070,1,MEXICO
1071,1,MEXICO
1072,1,MEXICO
1073,1,MEXICO
1074,1,MEXICO
1075,1,MEXICO
1076,1,MEXICO
1077,1,MEXICO
1078,1,MEXICO
1079,1,MEXICO
1080,1,MEXICO
1081,1,MEXICO
1082,1,MEXICO
1083,1,MEXICO
1084,1,MEXICO
1085,1,MEXICO
1086,1,MEXICO
1087,1,MEXICO
1088,1,MEXICO
1089,1,MEXICO
1090,1,MEXICO
1091,1,MEXICO
1092,1,MEXICO
1093,1,MEXICO
1094,1,MEXICO
1095,1,MEXICO
1096,1,MEXICO
1097,1,MEXICO
1098,1,MEXICO
1099,1,MEXICO
1100,1,MEXICO
1101,1,MEXICO
1102,1,MEXICO
1103,1,MEXICO
1104,1,MEXICO
1105,1,MEXICO
1106,1,MEXICO
1107,1,MEXICO
1108,1,MEXICO
1109,1,MEXICO
1110,2,ESPANA
1111,1,MEXICO
1112,1,MEXICO
1113,1,MEXICO
1114,1,MEXICO
1115,1,MEXICO
1116,1,MEXICO
1117,1,MEXICO
1118,1,MEXICO
1119,1,MEXICO
1120,1,MEXICO
1121,1,MEXICO
1122,1,MEXICO
1123,1,MEXICO
1124,1,MEXICO
1125,1,MEXICO
1126,1,MEXICO
1127,1,MEXICO
1128,1,MEXICO
1129,1,MEXICO
1130,1,MEXICO
1131,1,MEXICO
1132,1,MEXICO
1133,1,MEXICO
1134,1,MEXICO
1135,1,MEXICO
1136,1,MEXICO
1137,1,MEXICO
1138,1,MEXICO
1139,1,MEXICO
1140,1,MEXICO
1141,1,MEXICO
1142,1,MEXICO
1143,1,MEXICO
1144,1,MEXICO
1145,1,MEXICO
1146,1,MEXICO
1147,1,MEXICO
1148,1,MEXICO
1149,1,MEXICO
1150,1,MEXICO
1151,1,MEXICO
1152,1,MEXICO
1153,1,MEXICO
1154,1,MEXICO
1155,1,MEXICO
1156,1,MEXICO
1157,1,MEXICO
1158,1,MEXICO
1159,1,MEXICO
1160,1,MEXICO
1161,1,MEXICO
1162,1,MEXICO
1163,1,MEXICO
1164,1,MEXICO
1165,1,MEXICO
1166,1,MEXICO
1167,1,MEXICO
1168,1,MEXICO
1169,1,MEXICO
1170,1,MEXICO
1171,1,MEXICO
1172,1,MEXICO
1173,1,MEXICO
1174,1,MEXICO
1175,1,MEXICO
1176,1,MEXICO
1177,1,MEXICO
1178,1,MEXICO
1179,1,MEXICO
1180,1,MEXICO
1181,1,MEXICO
1182,1,MEXICO
1183,1,MEXICO
1184,1,MEXICO
1185,1,MEXICO
1186,1,MEXICO
1187,1,MEXICO
1188,1,MEXICO
1189,1,MEXICO
1190,1,MEXICO
1191,1,MEXICO
1192,1,MEXICO
1193,1,MEXICO
1194,1,MEXICO
1195,1,MEXICO
1196,1,MEXICO
1197,1,MEXICO
1198,1,MEXICO
1199,1,MEXICO
1200,1,MEXICO
1201,1,MEXICO
1202,1,MEXICO
1203,1,MEXICO
1204,1,MEXICO
1205,1,MEXICO
1206,1,MEXICO
1207,1,MEXICO
1208,1,MEXICO
1209,1,MEXICO
1210,1,MEXICO
1211,1,MEXICO
1212,1,MEXICO
1213,1,MEXICO
1214,1,MEXICO
1215,1,MEXICO
1216,1,MEXICO
1217,1,MEXICO
1218,1,MEXICO
1219,1,MEXICO
1220,1,MEXICO
1221,1,MEXICO
1222,1,MEXICO
1223,1,MEXICO
1224,1,MEXICO
1225,1,MEXICO
1226,1,MEXICO
1227,1,MEXICO
1228,1,MEXICO
1229,1,MEXICO
1230,1,MEXICO
1231,1,MEXICO
1232,1,MEXICO
1233,1,MEXICO
1234,1,MEXICO
1235,1,MEXICO
1236,1,MEXICO
1237,1,MEXICO
1238,1,MEXICO
1239,1,MEXICO
1240,1,MEXICO
1241,1,MEXICO
1242,1,MEXICO
1243,1,MEXICO
1244,1,MEXICO
1245,1,MEXICO
1246,1,MEXICO
1247,1,MEXICO
1248,1,MEXICO
1249,1,MEXICO
1250,1,MEXICO
1251,1,MEXICO
1252,1,MEXICO
1253,1,MEXICO
1254,1,MEXICO
1255,1,MEXICO
1256,1,MEXICO
1257,1,MEXICO
1258,1,MEXICO
1259,1,MEXICO
1260,1,MEXICO
1261,1,MEXICO
1262,1,MEXICO
1263,1,MEXICO
1264,1,MEXICO
1265,1,MEXICO
1266,1,MEXICO
1267,1,MEXICO
1268,1,MEXICO
1269,1,MEXICO
1270,1,MEXICO
1271,1,MEXICO
1272,1,MEXICO
1273,1,MEXICO
1274,1,MEXICO
1275,1,MEXICO
1276,1,MEXICO
1277,1,MEXICO
1278,1,MEXICO
1279,1,MEXICO
1280,1,MEXICO
1281,1,MEXICO
1282,1,MEXICO
1283,1,MEXICO
1284,1,MEXICO
1285,1,MEXICO
1286,1,MEXICO
1287,1,MEXICO
1288,1,MEXICO
1289,1,MEXICO
1290,1,MEXICO
1291,1,MEXICO
1292,1,MEXICO
1293,1,MEXICO
1294,1,MEXICO
1295,1,MEXICO
1296,1,MEXICO
1297,1,MEXICO
1298,1,MEXICO
1299,1,MEXICO
1300,1,MEXICO
1301,1,MEXICO
1302,1,MEXICO
1303,1,MEXICO
1304,1,MEXICO
1305,1,MEXICO
1306,1,MEXICO
1307,1,MEXICO
1308,1,MEXICO
1309,1,MEXICO
1310,1,MEXICO
1311,1,MEXICO
1312,1,MEXICO
1313,1,MEXICO
1314,1,MEXICO
1315,1,MEXICO
1316,1,MEXICO
1317,1,MEXICO
1318,1,MEXICO
1319,1,MEXICO
1320,1,MEXICO
1321,1,MEXICO
1322,1,MEXICO
1323,1,MEXICO
1324,1,MEXICO
1325,1,MEXICO
1326,1,MEXICO
1327,1,MEXICO
1328,1,MEXICO
1329,1,MEXICO
1330,1,MEXICO
1331,1,MEXICO
1332,1,MEXICO
1333,1,MEXICO
1334,1,MEXICO
1335,1,MEXICO
1336,1,MEXICO
1337,1,MEXICO
1338,1,MEXICO
1339,1,MEXICO
1340,1,MEXICO
1341,1,MEXICO
1342,1,MEXICO
1343,1,MEXICO
1344,1,MEXICO
1345,1,MEXICO
1346,1,MEXICO
1347,1,MEXICO
1348,1,MEXICO
1349,1,MEXICO
1350,1,MEXICO
1351,1,MEXICO
1352,1,MEXICO
1353,1,MEXICO
1354,1,MEXICO
1355,1,MEXICO
1356,1,MEXICO
1357,1,MEXICO
1358,1,MEXICO
1359,1,MEXICO
1360,1,MEXICO
1361,1,MEXICO
1362,1,MEXICO
1363,1,MEXICO
1364,1,MEXICO
1365,1,MEXICO
1366,1,MEXICO
1367,1,MEXICO
1368,1,MEXICO
1369,1,MEXICO
1370,1,MEXICO
1371,1,MEXICO
1372,1,MEXICO
1373,1,MEXICO
1374,1,MEXICO
1375,1,MEXICO
1376,1,MEXICO
1377,1,MEXICO
1378,1,MEXICO
1379,1,MEXICO
1380,1,MEXICO
1381,1,MEXICO
1382,1,MEXICO
1383,1,MEXICO
1384,1,MEXICO
1385,1,MEXICO
1386,1,MEXICO
1387,1,MEXICO
1388,1,MEXICO
1389,1,MEXICO
1390,1,MEXICO
1391,1,MEXICO
1392,1,MEXICO
1393,1,MEXICO
1394,1,MEXICO
1395,1,MEXICO
1396,1,MEXICO
1397,1,MEXICO
1398,1,MEXICO
1399,1,MEXICO
1400,1,MEXICO
1401,1,MEXICO
1402,1,MEXICO
1403,1,MEXICO
1404,1,MEXICO
1405,1,MEXICO
1406,1,MEXICO
1407,1,MEXICO
1408,1,MEXICO
1409,1,MEXICO
1410,1,MEXICO
1411,1,MEXICO
1412,1,MEXICO
1413,1,MEXICO
1414,1,MEXICO
1415,1,MEXICO
1416,1,MEXICO
1417,1,MEXICO
1418,1,MEXICO
1419,1,MEXICO
1420,1,MEXICO
1421,1,MEXICO
1422,1,MEXICO
1423,1,MEXICO
1424,1,MEXICO
1425,1,MEXICO
1426,1,MEXICO
1427,1,MEXICO
1428,1,MEXICO
1429,1,MEXICO
1430,1,MEXICO
1431,1,MEXICO
1432,1,MEXICO
1433,1,MEXICO
1434,1,MEXICO
1435,1,MEXICO
1436,1,MEXICO
1437,1,MEXICO
1438,1,MEXICO
1439,1,MEXICO
1440,1,MEXICO
1441,1,MEXICO
1442,1,MEXICO
1443,1,MEXICO
1444,1,MEXICO
1445,1,MEXICO
1446,1,MEXICO
1447,1,MEXICO
1448,1,MEXICO
1449,1,MEXICO
1450,1,MEXICO
1451,1,MEXICO
1452,1,MEXICO
1453,1,MEXICO
1454,1,MEXICO
1455,1,MEXICO
1456,1,MEXICO
1457,1,MEXICO
1458,1,MEXICO
1459,1,MEXICO
1460,1,MEXICO
1461,1,MEXICO
1462,1,MEXICO
1463,1,MEXICO
1464,1,MEXICO
1465,1,MEXICO
1466,1,MEXICO
1467,1,MEXICO
1468,1,MEXICO
1469,1,MEXICO
1470,1,MEXICO
1471,1,MEXICO
1472,1,MEXICO
1473,1,MEXICO
1474,1,MEXICO
1475,1,MEXICO
1476,1,MEXICO
1477,1,MEXICO
1478,1,MEXICO
1479,1,MEXICO
1480,1,MEXICO
1481,1,MEXICO
1482,1,MEXICO
1483,1,MEXICO
1484,1,MEXICO
1485,1,MEXICO
1486,1,MEXICO
1487,1,MEXICO
1488,1,MEXICO
1489,1,MEXICO
1490,1,MEXICO
1491,1,MEXICO
1492,1,MEXICO
1493,1,MEXICO
1494,1,MEXICO
1495,1,MEXICO
1496,1,MEXICO
1497,1,MEXICO
1498,1,MEXICO
1499,1,MEXICO
1500,1,MEXICO
1501,1,MEXICO
1502,1,MEXICO
1503,1,MEXICO
1504,1,MEXICO
1505,1,MEXICO
1506,1,MEXICO
1507,1,MEXICO
1508,1,MEXICO
1509,1,MEXICO
1510,1,MEXICO
1511,1,MEXICO
1512,1,MEXICO
1513,1,MEXICO
1514,1,MEXICO
1515,1,MEXICO
1516,1,MEXICO
1517,1,MEXICO
1518,1,MEXICO
1519,1,MEXICO
1520,1,MEXICO
1521,1,MEXICO
1522,1,MEXICO
1523,1,MEXICO
1524,1,MEXICO
1525,1,MEXICO
1526,1,MEXICO
1527,1,MEXICO
1528,1,MEXICO
1529,1,MEXICO
1530,1,MEXICO
1531,1,MEXICO
1532,1,MEXICO
1533,1,MEXICO
1534,1,MEXICO
1535,1,MEXICO
1536,1,MEXICO
1537,1,MEXICO
1538,1,MEXICO
1539,1,MEXICO
1540,1,MEXICO
1541,1,MEXICO
1542,1,MEXICO
1543,1,MEXICO
1544,1,MEXICO
1545,1,MEXICO
1546,1,MEXICO
1547,1,MEXICO
1548,1,MEXICO
1549,1,MEXICO
1550,1,MEXICO
1551,1,MEXICO
1552,1,MEXICO
1553,1,MEXICO
1554,1,MEXICO
1555,1,MEXICO
1556,1,MEXICO
1557,1,MEXICO
1558,1,MEXICO
1559,1,MEXICO
1560,1,MEXICO
1561,1,MEXICO
1562,1,MEXICO
1563,1,MEXICO
1564,1,MEXICO
1565,1,MEXICO
1566,1,MEXICO
1567,1,MEXICO
1568,1,MEXICO
1569,1,MEXICO
1570,1,MEXICO
1571,1,MEXICO
1572,1,MEXICO
1573,1,MEXICO
1574,1,MEXICO
1575,1,MEXICO
1576,1,MEXICO
1577,1,MEXICO
1578,1,MEXICO
1579,1,MEXICO
1580,1,MEXICO
1581,1,MEXICO
1582,1,MEXICO
1583,1,MEXICO
1584,1,MEXICO
1585,1,MEXICO
1586,1,MEXICO
1587,1,MEXICO
1588,1,MEXICO
1589,1,MEXICO
1590,1,MEXICO
1591,1,MEXICO
1592,1,MEXICO
1593,1,MEXICO
1594,1,MEXICO
1595,1,MEXICO
1596,1,MEXICO
1597,1,MEXICO
1598,1,MEXICO
1599,1,MEXICO
1600,1,MEXICO
1601,1,MEXICO
1602,1,MEXICO
1603,1,MEXICO
1604,1,MEXICO
1605,1,MEXICO
1606,1,MEXICO
1607,1,MEXICO
1608,1,MEXICO
1609,1,MEXICO
1610,1,MEXICO
1611,1,MEXICO
1612,1,MEXICO
1613,1,MEXICO
1614,1,MEXICO
1615,1,MEXICO
1616,1,MEXICO
1617,1,MEXICO
1618,1,MEXICO
1619,1,MEXICO
1620,1,MEXICO
1621,1,MEXICO
1622,1,MEXICO
1623,1,MEXICO
1624,1,MEXICO
1625,1,MEXICO
1626,1,MEXICO
1627,1,MEXICO
1628,1,MEXICO
1629,1,MEXICO
1630,1,MEXICO
1631,1,MEXICO
1632,1,MEXICO
1633,1,MEXICO
1634,1,MEXICO
1635,1,MEXICO
1636,1,MEXICO
1637,1,MEXICO
1638,1,MEXICO
1639,1,MEXICO
1640,1,MEXICO
1641,1,MEXICO
1642,1,MEXICO
1643,1,MEXICO
1644,1,MEXICO
1645,1,MEXICO
1646,1,MEXICO
1647,1,MEXICO
1648,1,MEXICO
1649,1,MEXICO
1650,1,MEXICO
1651,1,MEXICO
1652,1,MEXICO
1653,1,MEXICO
1654,1,MEXICO
1655,1,MEXICO
1656,1,MEXICO
1657,1,MEXICO
1658,1,MEXICO
1659,1,MEXICO
1660,1,MEXICO
1661,1,MEXICO
1662,1,MEXICO
1663,1,MEXICO
1664,1,MEXICO
1665,1,MEXICO
1666,1,MEXICO
1667,1,MEXICO
1668,1,MEXICO
1669,1,MEXICO
1670,1,MEXICO
1671,1,MEXICO
1672,1,MEXICO
1673,1,MEXICO
1674,1,MEXICO
1675,1,MEXICO
1676,1,MEXICO
1677,1,MEXICO
1678,1,MEXICO
1679,1,MEXICO
1680,1,MEXICO
1681,1,MEXICO
1682,1,MEXICO
1683,1,MEXICO
1684,1,MEXICO
1685,1,MEXICO
1686,1,MEXICO
1687,1,MEXICO
1688,1,MEXICO
1689,1,MEXICO
1690,1,MEXICO
1691,1,MEXICO
1692,1,MEXICO
1693,1,MEXICO
1694,1,MEXICO
1695,1,MEXICO
1696,1,MEXICO
1697,1,MEXICO
1698,1,MEXICO
1699,1,MEXICO
1700,1,MEXICO
1701,1,MEXICO
1702,1,MEXICO
1703,1,MEXICO
1704,1,MEXICO
1705,1,MEXICO
1706,1,MEXICO
1707,1,MEXICO
1708,1,MEXICO
1709,1,MEXICO
1710,1,MEXICO
1711,1,MEXICO
1712,1,MEXICO
1713,1,MEXICO
1714,1,MEXICO
1715,1,MEXICO
1716,1,MEXICO
1717,1,MEXICO
1718,1,MEXICO
1719,1,MEXICO
1720,1,MEXICO
1721,1,MEXICO
1722,1,MEXICO
1723,1,MEXICO
1724,1,MEXICO
1725,1,MEXICO
1726,1,MEXICO
1727,1,MEXICO
1728,1,MEXICO
1729,1,MEXICO
1730,1,MEXICO
1731,1,MEXICO
1732,1,MEXICO
1733,1,MEXICO
1734,1,MEXICO
1735,1,MEXICO
1736,1,MEXICO
1737,1,MEXICO
1738,1,MEXICO
1739,1,MEXICO
1740,1,MEXICO
1741,1,MEXICO
1742,1,MEXICO
1743,1,MEXICO
1744,1,MEXICO
1745,1,MEXICO
1746,1,MEXICO
1747,1,MEXICO
1748,1,MEXICO
1749,1,MEXICO
1750,1,MEXICO
1751,1,MEXICO
1752,1,MEXICO
1753,1,MEXICO
1754,1,MEXICO
1755,1,MEXICO
1756,1,MEXICO
1757,1,MEXICO
1758,1,MEXICO
1759,1,MEXICO
1760,1,MEXICO
1761,1,MEXICO
1762,1,MEXICO
1763,1,MEXICO
1764,1,MEXICO
1765,1,MEXICO
1766,1,MEXICO
1767,1,MEXICO
1768,1,MEXICO
1769,1,MEXICO
1770,1,MEXICO
1771,1,MEXICO
1772,1,MEXICO
1773,1,MEXICO
1774,1,MEXICO
1775,1,MEXICO
1776,1,MEXICO
1777,1,MEXICO
1778,1,MEXICO
1779,1,MEXICO
1780,1,MEXICO
1781,1,MEXICO
1782,1,MEXICO
1783,1,MEXICO
1784,1,MEXICO
1785,1,MEXICO
1786,1,MEXICO
1787,1,MEXICO
1788,1,MEXICO
1789,1,MEXICO
1790,1,MEXICO
1791,1,MEXICO
1792,1,MEXICO
1793,1,MEXICO
1794,1,MEXICO
1795,1,MEXICO
1796,1,MEXICO
1797,1,MEXICO
1798,1,MEXICO
1799,1,MEXICO
1800,1,MEXICO
1801,1,MEXICO
1802,1,MEXICO
1803,1,MEXICO
1804,1,MEXICO
1805,1,MEXICO
1806,1,MEXICO
1807,1,MEXICO
1808,1,MEXICO
1809,1,MEXICO
1810,1,MEXICO
1811,1,MEXICO
1812,1,MEXICO
1813,1,MEXICO
1814,1,MEXICO
1815,1,MEXICO
1816,1,MEXICO
1817,1,MEXICO
1818,1,MEXICO
1819,1,MEXICO
1820,1,MEXICO
1821,1,MEXICO
1822,1,MEXICO
1823,1,MEXICO
1824,1,MEXICO
1825,1,MEXICO
1826,1,MEXICO
1827,1,MEXICO
1828,1,MEXICO
1829,1,MEXICO
1830,1,MEXICO
1831,1,MEXICO
1832,1,MEXICO
1833,1,MEXICO
1834,1,MEXICO
1835,1,MEXICO
1836,1,MEXICO
1837,1,MEXICO
1838,1,MEXICO
1839,1,MEXICO
1840,1,MEXICO
1841,1,MEXICO
1842,1,MEXICO
1843,1,MEXICO
1844,1,MEXICO
1845,1,MEXICO
1846,1,MEXICO
1847,1,MEXICO
1848,1,MEXICO
1849,1,MEXICO
1850,1,MEXICO
1851,1,MEXICO
1852,1,MEXICO
1853,1,MEXICO
1854,1,MEXICO
1855,1,MEXICO
1856,1,MEXICO
1857,1,MEXICO
1858,1,MEXICO
1859,1,MEXICO
1860,1,MEXICO
1861,1,MEXICO
1862,1,MEXICO
1863,1,MEXICO
1864,1,MEXICO
1865,1,MEXICO
1866,1,MEXICO
1867,1,MEXICO
1868,1,MEXICO
1869,1,MEXICO
1870,1,MEXICO
1871,1,MEXICO
1872,1,MEXICO
1873,1,MEXICO
1874,1,MEXICO
1875,1,MEXICO
1876,1,MEXICO
1877,1,MEXICO
1878,1,MEXICO
1879,1,MEXICO
1880,1,MEXICO
1881,1,MEXICO
1882,1,MEXICO
1883,1,MEXICO
1884,1,MEXICO
1885,1,MEXICO
1886,1,MEXICO
1887,1,MEXICO
1888,1,MEXICO
1889,1,MEXICO
1890,1,MEXICO
1891,1,MEXICO
1892,1,MEXICO
1893,1,MEXICO
1894,1,MEXICO
1895,1,MEXICO
1896,1,MEXICO
1897,1,MEXICO
1898,1,MEXICO
1899,1,MEXICO
1900,1,MEXICO
1901,1,MEXICO
1902,1,MEXICO
1903,1,MEXICO
1904,1,MEXICO
1905,1,MEXICO
1906,1,MEXICO
1907,1,MEXICO
1908,1,MEXICO
1909,1,MEXICO
1910,1,MEXICO
1911,1,MEXICO
1912,1,MEXICO
1913,1,MEXICO
1914,1,MEXICO
1915,1,MEXICO
1916,1,MEXICO
1917,1,MEXICO
1918,1,MEXICO
1919,1,MEXICO
1920,1,MEXICO
1921,1,MEXICO
1922,1,MEXICO
1923,1,MEXICO
1924,1,MEXICO
1925,1,MEXICO
1926,1,MEXICO
1927,1,MEXICO
1928,1,MEXICO
1929,1,MEXICO
1930,1,MEXICO
1931,1,MEXICO
1932,1,MEXICO
1933,1,MEXICO
1934,1,MEXICO
1935,1,MEXICO
1936,1,MEXICO
1937,1,MEXICO
1938,1,MEXICO
1939,1,MEXICO
1940,1,MEXICO
1941,1,MEXICO
1942,1,MEXICO
1943,1,MEXICO
1944,1,MEXICO
1945,1,MEXICO
1946,1,MEXICO
1947,1,MEXICO
1948,1,MEXICO
1949,1,MEXICO
1950,1,MEXICO
1951,1,MEXICO
1952,1,MEXICO
1953,1,MEXICO
1954,1,MEXICO
1955,1,MEXICO
1956,1,MEXICO
1957,1,MEXICO
1958,1,MEXICO
1959,1,MEXICO
1960,1,MEXICO
1961,1,MEXICO
1962,1,MEXICO
1963,1,MEXICO
1964,1,MEXICO
1965,1,MEXICO
1966,1,MEXICO
1967,1,MEXICO
1968,1,MEXICO
1969,1,MEXICO
1970,1,MEXICO
1971,1,MEXICO
1972,1,MEXICO
1973,1,MEXICO
1974,1,MEXICO
1975,1,MEXICO
1976,1,MEXICO
1977,1,MEXICO
1978,1,MEXICO
1979,1,MEXICO
1980,1,MEXICO
1981,1,MEXICO
1982,1,MEXICO
1983,1,MEXICO
1984,1,MEXICO
1985,1,MEXICO
1986,1,MEXICO
1987,1,MEXICO
1988,1,MEXICO
1989,1,MEXICO
1990,1,MEXICO
1991,1,MEXICO
1992,1,MEXICO
1993,1,MEXICO
1994,1,MEXICO
1995,1,MEXICO
1996,1,MEXICO
1997,1,MEXICO
1998,1,MEXICO
1999,1,MEXICO
2000,1,MEXICO
2001,1,MEXICO
2002,1,MEXICO
2003,1,MEXICO
2004,1,MEXICO
2005,1,MEXICO
2006,1,MEXICO
2007,1,MEXICO
2008,1,MEXICO
2009,1,MEXICO
2010,1,MEXICO
2011,1,MEXICO
2012,1,MEXICO
2013,1,MEXICO
2014,1,MEXICO
2015,1,MEXICO
2016,1,MEXICO
2017,1,MEXICO
2018,1,MEXICO
2019,1,MEXICO
2020,1,MEXICO
2021,1,MEXICO
2022,1,MEXICO
2023,1,MEXICO
2024,1,MEXICO
2025,1,MEXICO
2026,1,MEXICO
2027,1,MEXICO
2028,1,MEXICO
2029,1,MEXICO
2030,1,MEXICO
2031,1,MEXICO
2032,1,MEXICO
2033,1,MEXICO
2034,1,MEXICO
2035,1,MEXICO
2036,1,MEXICO
2037,1,MEXICO
2038,1,MEXICO
2039,1,MEXICO
2040,1,MEXICO
2041,1,MEXICO
2042,1,MEXICO
2043,1,MEXICO
2044,1,MEXICO
2045,1,MEXICO
2046,1,MEXICO
2047,1,MEXICO
2048,1,MEXICO
2049,1,MEXICO
2050,1,MEXICO
2051,1,MEXICO
2052,1,MEXICO
2053,1,MEXICO
2054,1,MEXICO
2055,1,MEXICO
2056,1,MEXICO
2057,1,MEXICO
2058,1,MEXICO
2059,1,MEXICO
2060,1,MEXICO
2061,1,MEXICO
2062,1,MEXICO
2063,1,MEXICO
2064,1,MEXICO
2065,1,MEXICO
2066,1,MEXICO
2067,1,MEXICO
2068,1,MEXICO
2069,1,MEXICO
2070,1,MEXICO
2071,1,MEXICO
2072,1,MEXICO
2073,1,MEXICO
2074,1,MEXICO
2075,1,MEXICO
2076,1,MEXICO
2077,1,MEXICO
2078,1,MEXICO
2079,1,MEXICO
2080,1,MEXICO
2081,1,MEXICO
2082,1,MEXICO
2083,1,MEXICO
2084,1,MEXICO
2085,1,MEXICO
2086,1,MEXICO
2087,1,MEXICO
2088,1,MEXICO
2089,1,MEXICO
2090,1,MEXICO
2091,1,MEXICO
2092,1,MEXICO
2093,1,MEXICO
2094,1,MEXICO
2095,1,MEXICO
2096,1,MEXICO
2097,1,MEXICO
2098,1,MEXICO
2099,1,MEXICO
2100,1,MEXICO
2101,1,MEXICO
2102,1,MEXICO
2103,1,MEXICO
2104,1,MEXICO
2105,1,MEXICO
2106,1,MEXICO
2107,1,MEXICO
2108,1,MEXICO
2109,1,MEXICO
2110,1,MEXICO
2111,1,MEXICO
2112,1,MEXICO
2113,1,MEXICO
2114,1,MEXICO
2115,1,MEXICO
2116,1,MEXICO
2117,1,MEXICO
2118,1,MEXICO
2119,1,MEXICO
2120,1,MEXICO
2121,1,MEXICO
2122,1,MEXICO
2123,1,MEXICO
2124,1,MEXICO
2125,1,MEXICO
2126,1,MEXICO
2127,1,MEXICO
2128,1,MEXICO
2129,1,MEXICO
2130,1,MEXICO
2131,1,MEXICO
2132,1,MEXICO
2133,1,MEXICO
2134,1,MEXICO
2135,1,MEXICO
2136,1,MEXICO
2137,1,MEXICO
2138,1,MEXICO
2139,1,MEXICO
2140,1,MEXICO
2141,1,MEXICO
2142,1,MEXICO
2143,1,MEXICO
2144,1,MEXICO
2145,1,MEXICO
2146,1,MEXICO
2147,1,MEXICO
2148,1,MEXICO
2149,1,MEXICO
2150,1,MEXICO
2151,1,MEXICO
2152,1,MEXICO
2153,1,MEXICO
2154,1,MEXICO
2155,1,MEXICO
2156,1,MEXICO
2157,1,MEXICO
2158,1,MEXICO
2159,1,MEXICO
2160,1,MEXICO
2161,1,MEXICO
2162,1,MEXICO
2163,1,MEXICO
2164,1,MEXICO
2165,1,MEXICO
2166,1,MEXICO
2167,1,MEXICO
2168,1,MEXICO
2169,1,MEXICO
2170,1,MEXICO
2171,1,MEXICO
2172,1,MEXICO
2173,1,MEXICO
2174,1,MEXICO
2175,1,MEXICO
2176,1,MEXICO
2177,1,MEXICO
2178,1,MEXICO
2179,1,MEXICO
2180,1,MEXICO
2181,1,MEXICO
2182,1,MEXICO
2183,1,MEXICO
2184,1,MEXICO
2185,1,MEXICO
2186,1,MEXICO
2187,1,MEXICO
2188,1,MEXICO
2189,1,MEXICO
2190,1,MEXICO
2191,1,MEXICO
2192,1,MEXICO
2193,1,MEXICO
2194,1,MEXICO
2195,1,MEXICO
2196,1,MEXICO
2197,1,MEXICO
2198,1,MEXICO
2199,1,MEXICO
2200,1,MEXICO
2201,1,MEXICO
2202,1,MEXICO
2203,1,MEXICO
2204,1,MEXICO
2205,1,MEXICO
2206,1,MEXICO
2207,1,MEXICO
2208,1,MEXICO
2209,1,MEXICO
2210,1,MEXICO
2211,1,MEXICO
2212,1,MEXICO
2213,1,MEXICO
2214,1,MEXICO
2215,1,MEXICO
2216,1,MEXICO
2217,1,MEXICO
2218,1,MEXICO
2219,1,MEXICO
2220,1,MEXICO
2221,1,MEXICO
2222,1,MEXICO
2223,1,MEXICO
2224,1,MEXICO
2225,1,MEXICO
2226,1,MEXICO
2227,1,MEXICO
2228,1,MEXICO
2229,1,MEXICO
2230,1,MEXICO
2231,1,MEXICO
2232,1,MEXICO
2233,1,MEXICO
2234,1,MEXICO
2235,1,MEXICO
2236,1,MEXICO
2237,1,MEXICO
2238,1,MEXICO
2239,1,MEXICO
2240,1,MEXICO
2241,1,MEXICO
2242,1,MEXICO
2243,1,MEXICO
2244,1,MEXICO
2245,1,MEXICO
2246,1,MEXICO
2247,1,MEXICO
2248,1,MEXICO
2249,1,MEXICO
2250,1,MEXICO
2251,1,MEXICO
2252,1,MEXICO
2253,1,MEXICO
2254,1,MEXICO
2255,1,MEXICO
2256,1,MEXICO
2257,1,MEXICO
2258,1,MEXICO
2259,1,MEXICO
2260,1,MEXICO
2261,1,MEXICO
2262,1,MEXICO
2263,1,MEXICO
2264,1,MEXICO
2265,1,MEXICO
2266,1,MEXICO
2267,1,MEXICO
2268,1,MEXICO
2269,1,MEXICO
2270,1,MEXICO
2271,1,MEXICO
2272,1,MEXICO
2273,1,MEXICO
2274,1,MEXICO
2275,1,MEXICO
2276,1,MEXICO
2277,1,MEXICO
2278,1,MEXICO
2279,1,MEXICO
2280,1,MEXICO
2281,1,MEXICO
2282,1,MEXICO
2283,1,MEXICO
2284,1,MEXICO
2285,1,MEXICO
2286,1,MEXICO
2287,1,MEXICO
2288,1,MEXICO
2289,1,MEXICO
2290,1,MEXICO
2291,1,MEXICO
2292,1,MEXICO
2293,1,MEXICO
2294,1,MEXICO
2295,1,MEXICO
2296,1,MEXICO
2297,1,MEXICO
2298,1,MEXICO
2299,1,MEXICO
2300,1,MEXICO
2301,1,MEXICO
2302,1,MEXICO
2303,1,MEXICO
2304,1,MEXICO
2305,1,MEXICO
2306,1,MEXICO
2307,1,MEXICO
2308,1,MEXICO
2309,1,MEXICO
2310,1,MEXICO
2311,1,MEXICO
2312,1,MEXICO
2313,1,MEXICO
2314,1,MEXICO
2315,1,MEXICO
2316,1,MEXICO
2317,1,MEXICO
2318,1,MEXICO
2319,1,MEXICO
2320,1,MEXICO
2321,1,MEXICO
2322,1,MEXICO
2323,1,MEXICO
2324,1,MEXICO
2325,1,MEXICO
2326,1,MEXICO
2327,1,MEXICO
2328,1,MEXICO
2329,1,MEXICO
2330,1,MEXICO
2331,1,MEXICO
2332,1,MEXICO
2333,1,MEXICO
2334,1,MEXICO
2335,1,MEXICO
2336,1,MEXICO
2337,1,MEXICO
2338,1,MEXICO
2339,1,MEXICO
2340,1,MEXICO
2341,1,MEXICO
2342,1,MEXICO
2343,1,MEXICO
2344,1,MEXICO
2345,1,MEXICO
2346,1,MEXICO
2347,1,MEXICO
2348,1,MEXICO
2349,1,MEXICO
2350,1,MEXICO
2351,1,MEXICO
2352,1,MEXICO
2353,1,MEXICO
2354,1,MEXICO
2355,1,MEXICO
2356,1,MEXICO
2357,1,MEXICO
2358,1,MEXICO
2359,1,MEXICO
2360,1,MEXICO
2361,1,MEXICO
2362,1,MEXICO
2363,1,MEXICO
2364,1,MEXICO
2365,1,MEXICO
2366,1,MEXICO
2367,1,MEXICO
2368,1,MEXICO
2369,1,MEXICO
2370,1,MEXICO
2371,1,MEXICO
2372,1,MEXICO
2373,1,MEXICO
2374,1,MEXICO
2375,1,MEXICO
2376,1,MEXICO
2377,1,MEXICO
2378,1,MEXICO
2379,1,MEXICO
2380,1,MEXICO
2381,1,MEXICO
2382,1,MEXICO
2383,1,MEXICO
2384,1,MEXICO
2385,1,MEXICO
2386,1,MEXICO
2387,1,MEXICO
2388,1,MEXICO
2389,1,MEXICO
2390,1,MEXICO
2391,1,MEXICO
2392,1,MEXICO
2393,1,MEXICO
2394,1,MEXICO
2395,1,MEXICO
2396,1,MEXICO
2397,1,MEXICO
2398,1,MEXICO
2399,1,MEXICO
2400,1,MEXICO
2401,1,MEXICO
2402,1,MEXICO
2403,1,MEXICO
2404,1,MEXICO
2405,1,MEXICO
2406,1,MEXICO
2407,1,MEXICO
2408,1,MEXICO
2409,1,MEXICO
2410,1,MEXICO
2411,1,MEXICO
2412,1,MEXICO
2413,1,MEXICO
2414,1,MEXICO
2415,1,MEXICO
2416,1,MEXICO
2417,1,MEXICO
2418,1,MEXICO
2419,1,MEXICO
2420,1,MEXICO
2421,1,MEXICO
2422,1,MEXICO
2423,1,MEXICO
2424,1,MEXICO
2425,1,MEXICO
2426,1,MEXICO
2427,1,MEXICO
2428,1,MEXICO
2429,1,MEXICO
2430,1,MEXICO
2431,1,MEXICO
2432,1,MEXICO
2433,1,MEXICO
2434,1,MEXICO
2435,1,MEXICO
2436,1,MEXICO
2437,1,MEXICO
2438,1,MEXICO
2439,1,MEXICO
2440,1,MEXICO
2441,1,MEXICO
2442,1,MEXICO
2443,1,MEXICO
2444,1,MEXICO
2445,1,MEXICO
2446,1,MEXICO
2447,1,MEXICO
2448,1,MEXICO
2449,1,MEXICO
2450,1,MEXICO
2451,1,MEXICO
2452,1,MEXICO
2453,1,MEXICO
2454,1,MEXICO
2455,1,MEXICO
2456,1,MEXICO
2457,1,MEXICO
2458,1,MEXICO
2459,1,MEXICO
2460,1,MEXICO
2461,1,MEXICO
2462,1,MEXICO
2463,1,MEXICO
2464,1,MEXICO
2465,1,MEXICO
2466,1,MEXICO
2467,1,MEXICO
2468,1,MEXICO
2469,1,MEXICO
2470,1,MEXICO
2471,1,MEXICO
2472,1,MEXICO
2473,1,MEXICO
2474,1,MEXICO
2475,1,MEXICO
2476,1,MEXICO
2477,1,MEXICO
2478,1,MEXICO
2479,1,MEXICO
2480,1,MEXICO
2481,1,MEXICO
2482,1,MEXICO
2483,1,MEXICO
2484,1,MEXICO
2485,1,MEXICO
2486,1,MEXICO
2487,1,MEXICO
2488,1,MEXICO
2489,1,MEXICO
2490,1,MEXICO
2491,1,MEXICO
2492,1,MEXICO
2493,1,MEXICO
2494,1,MEXICO
2495,1,MEXICO
2496,1,MEXICO
2497,1,MEXICO
2498,1,MEXICO
2499,1,MEXICO
2500,1,MEXICO
2501,1,MEXICO
2502,1,MEXICO
2503,1,MEXICO
2504,1,MEXICO
2505,1,MEXICO
2506,1,MEXICO
2507,1,MEXICO
2508,1,MEXICO
2509,1,MEXICO
2510,1,MEXICO
2511,1,MEXICO
2512,1,MEXICO
2513,1,MEXICO
2514,1,MEXICO
2515,1,MEXICO
2516,1,MEXICO
2517,1,MEXICO
2518,1,MEXICO
2519,1,MEXICO
2520,1,MEXICO
2521,1,MEXICO
2522,1,MEXICO
2523,1,MEXICO
2524,1,MEXICO
2525,1,MEXICO
2526,1,MEXICO
2527,1,MEXICO
2528,1,MEXICO
2529,1,MEXICO
2530,1,MEXICO
2531,1,MEXICO
2532,1,MEXICO
2533,1,MEXICO
2534,1,MEXICO
2535,1,MEXICO
2536,1,MEXICO
2537,1,MEXICO
2538,1,MEXICO
2539,1,MEXICO
2540,1,MEXICO
2541,1,MEXICO
2542,1,MEXICO
2543,1,MEXICO
2544,1,MEXICO
2545,1,MEXICO
2546,1,MEXICO
2547,1,MEXICO
2548,1,MEXICO
2549,1,MEXICO
2550,1,MEXICO
2551,1,MEXICO
2552,1,MEXICO
2553,1,MEXICO
2554,1,MEXICO
2555,1,MEXICO
2556,1,MEXICO
2557,1,MEXICO
2558,1,MEXICO
2559,1,MEXICO
2560,1,MEXICO
2561,1,MEXICO
2562,1,MEXICO
2563,1,MEXICO
2564,1,MEXICO
2565,1,MEXICO
2566,1,MEXICO
2567,1,MEXICO
2568,1,MEXICO
2569,1,MEXICO
2570,1,MEXICO
2571,1,MEXICO
2572,1,MEXICO
2573,1,MEXICO
2574,1,MEXICO
2575,1,MEXICO
2576,1,MEXICO
2577,1,MEXICO
2578,1,MEXICO
2579,1,MEXICO
2580,1,MEXICO
2581,1,MEXICO
2582,1,MEXICO
2583,1,MEXICO
2584,1,MEXICO
2585,1,MEXICO
2586,1,MEXICO
2587,1,MEXICO
2588,1,MEXICO
2589,1,MEXICO
2590,1,MEXICO
2591,1,MEXICO
2592,1,MEXICO
2593,1,MEXICO
2594,1,MEXICO
2595,1,MEXICO
2596,1,MEXICO
2597,1,MEXICO
2598,1,MEXICO
2599,1,MEXICO
2600,1,MEXICO
2601,1,MEXICO
2602,1,MEXICO
2603,1,MEXICO
2604,1,MEXICO
2605,1,MEXICO
2606,1,MEXICO
2607,1,MEXICO
2608,1,MEXICO
2609,1,MEXICO
2610,1,MEXICO
2611,1,MEXICO
2612,1,MEXICO
2613,1,MEXICO
2614,1,MEXICO
2615,1,MEXICO
2616,1,MEXICO
2617,1,MEXICO
2618,1,MEXICO
2619,1,MEXICO
2620,1,MEXICO
2621,1,MEXICO
2622,1,MEXICO
2623,1,MEXICO
2624,2,ESPANA
2625,1,MEXICO
2626,1,MEXICO
2627,1,MEXICO
2628,1,MEXICO
2629,1,MEXICO
2630,1,MEXICO
2631,1,MEXICO
2632,1,MEXICO
2633,1,MEXICO
2634,1,MEXICO
2635,1,MEXICO
2636,1,MEXICO
2637,1,MEXICO
2638,1,MEXICO
2639,1,MEXICO
2640,1,MEXICO
2641,1,MEXICO
2642,1,MEXICO
2643,1,MEXICO
2644,1,MEXICO
2645,1,MEXICO
2646,1,MEXICO
2647,1,MEXICO
2648,1,MEXICO
2649,1,MEXICO
2650,1,MEXICO
2651,1,MEXICO
2652,1,MEXICO
2653,1,MEXICO
2654,1,MEXICO
2655,1,MEXICO
2656,1,MEXICO
2657,1,MEXICO
2658,1,MEXICO
2659,1,MEXICO
2660,1,MEXICO
2661,1,MEXICO
2662,1,MEXICO
2663,1,MEXICO
2664,1,MEXICO
2665,1,MEXICO
2666,1,MEXICO
2667,1,MEXICO
2668,1,MEXICO
2669,1,MEXICO
2670,1,MEXICO
2671,1,MEXICO
2672,1,MEXICO
2673,1,MEXICO
2674,1,MEXICO
2675,1,MEXICO
2676,1,MEXICO
2677,3,ESTADOS UNIDOS DE NORTEAMERICA
2678,1,MEXICO
2679,1,MEXICO
2680,1,MEXICO
2681,1,MEXICO
2682,1,MEXICO
2683,1,MEXICO
2684,1,MEXICO
2685,1,MEXICO
2686,1,MEXICO
2687,1,MEXICO
2688,1,MEXICO
2689,1,MEXICO
2690,1,MEXICO
2691,1,MEXICO
2692,1,MEXICO
2693,1,MEXICO
2694,1,MEXICO
2695,1,MEXICO
2696,1,MEXICO
2697,1,MEXICO
2698,1,MEXICO
2699,1,MEXICO
2700,1,MEXICO
2701,1,MEXICO
2702,1,MEXICO
2703,1,MEXICO
2704,1,MEXICO
2705,1,MEXICO
2706,1,MEXICO
2707,1,MEXICO
2708,1,MEXICO
2709,1,MEXICO
2710,1,MEXICO
2711,1,MEXICO
2712,1,MEXICO
2713,1,MEXICO
2714,1,MEXICO
2715,1,MEXICO
2716,1,MEXICO
2717,1,MEXICO
2718,1,MEXICO
2719,1,MEXICO
2720,1,MEXICO
2721,1,MEXICO
2722,1,MEXICO
2723,1,MEXICO
2724,1,MEXICO
2725,1,MEXICO
2726,1,MEXICO
2727,1,MEXICO
2728,1,MEXICO
2729,1,MEXICO
2730,1,MEXICO
2731,1,MEXICO
2732,1,MEXICO
2733,1,MEXICO
2734,1,MEXICO
2735,1,MEXICO
2736,1,MEXICO
2737,1,MEXICO
2738,1,MEXICO
2739,1,MEXICO
2740,1,MEXICO
2741,1,MEXICO
2742,1,MEXICO
2743,1,MEXICO
2744,1,MEXICO
2745,1,MEXICO
2746,1,MEXICO
2747,1,MEXICO
2748,1,MEXICO
2749,1,MEXICO
2750,1,MEXICO
2751,1,MEXICO
2752,1,MEXICO
2753,1,MEXICO
2754,1,MEXICO
2755,1,MEXICO
2756,1,MEXICO
2757,1,MEXICO
2758,1,MEXICO
2759,1,MEXICO
2760,1,MEXICO
2761,1,MEXICO
2762,1,MEXICO
2763,1,MEXICO
2764,1,MEXICO
2765,1,MEXICO
2766,1,MEXICO
2767,1,MEXICO
2768,1,MEXICO
2769,1,MEXICO
2770,1,MEXICO
2771,1,MEXICO
2772,1,MEXICO
2773,1,MEXICO
2774,1,MEXICO
2775,1,MEXICO
2776,1,MEXICO
2777,1,MEXICO
2778,1,MEXICO
2779,1,MEXICO
2780,1,MEXICO
2781,1,MEXICO
2782,1,MEXICO
2783,1,MEXICO
2784,1,MEXICO
2785,1,MEXICO
2786,1,MEXICO
2787,1,MEXICO
2788,1,MEXICO
2789,1,MEXICO
2790,1,MEXICO
2791,1,MEXICO
2792,1,MEXICO
2793,1,MEXICO
2794,1,MEXICO
2795,1,MEXICO
2796,1,MEXICO
2797,1,MEXICO
2798,1,MEXICO
2799,1,MEXICO
2800,1,MEXICO
2801,1,MEXICO
2802,1,MEXICO
2803,1,MEXICO
2804,1,MEXICO
2805,1,MEXICO
2806,1,MEXICO
2807,1,MEXICO
2808,1,MEXICO
2809,1,MEXICO
2810,1,MEXICO
2811,1,MEXICO
2812,1,MEXICO
2813,1,MEXICO
2814,1,MEXICO
2815,1,MEXICO
2816,1,MEXICO
2817,1,MEXICO
2818,1,MEXICO
2819,1,MEXICO
2820,1,MEXICO
2821,1,MEXICO
2822,1,MEXICO
2823,1,MEXICO
2824,1,MEXICO
2825,1,MEXICO
2826,1,MEXICO
2827,1,MEXICO
2828,1,MEXICO
2829,1,MEXICO
2830,1,MEXICO
2831,1,MEXICO
2832,1,MEXICO
2833,1,MEXICO
2834,1,MEXICO
2835,1,MEXICO
2836,1,MEXICO
2837,1,MEXICO
2838,1,MEXICO
2839,1,MEXICO
2840,1,MEXICO
2841,1,MEXICO
2842,1,MEXICO
2843,1,MEXICO
2844,1,MEXICO
2845,1,MEXICO
2846,1,MEXICO
2847,1,MEXICO
2848,1,MEXICO
2849,1,MEXICO
2850,1,MEXICO
2851,1,MEXICO
2852,1,MEXICO
2853,1,MEXICO
2854,1,MEXICO
2855,1,MEXICO
2856,1,MEXICO
2857,1,MEXICO
2858,1,MEXICO
2859,1,MEXICO
2860,1,MEXICO
2861,1,MEXICO
2862,1,MEXICO
2863,1,MEXICO
2864,1,MEXICO
2865,1,MEXICO
2866,1,MEXICO
2867,1,MEXICO
2868,1,MEXICO
2869,1,MEXICO
2870,1,MEXICO
2871,1,MEXICO
2872,1,MEXICO
2873,1,MEXICO
2874,1,MEXICO
2875,1,MEXICO
2876,1,MEXICO
2877,1,MEXICO
2878,1,MEXICO
2879,1,MEXICO
2880,1,MEXICO
2881,1,MEXICO
2882,1,MEXICO
2883,1,MEXICO
2884,1,MEXICO
2885,1,MEXICO
2886,1,MEXICO
2887,1,MEXICO
2888,1,MEXICO
2889,1,MEXICO
2890,1,MEXICO
2891,1,MEXICO
2892,1,MEXICO
2893,1,MEXICO
2894,1,MEXICO
2895,1,MEXICO
2896,1,MEXICO
2897,1,MEXICO
2898,1,MEXICO
2899,1,MEXICO
2900,1,MEXICO
2901,1,MEXICO
2902,1,MEXICO
2903,1,MEXICO
2904,1,MEXICO
2905,1,MEXICO
2906,1,MEXICO
2907,1,MEXICO
2908,1,MEXICO
2909,1,MEXICO
2910,1,MEXICO
2911,1,MEXICO
2912,1,MEXICO
2913,1,MEXICO
2914,1,MEXICO
2915,1,MEXICO
2916,1,MEXICO
2917,1,MEXICO
2918,1,MEXICO
2919,1,MEXICO
2920,1,MEXICO
2921,1,MEXICO
2922,1,MEXICO
2923,1,MEXICO
2924,1,MEXICO
2925,1,MEXICO
2926,1,MEXICO
2927,1,MEXICO
2928,1,MEXICO
2929,1,MEXICO
2930,1,MEXICO
2931,1,MEXICO
2932,1,MEXICO
2933,1,MEXICO
2934,1,MEXICO
2935,1,MEXICO
2936,1,MEXICO
2937,1,MEXICO
2938,1,MEXICO
2939,1,MEXICO
2940,1,MEXICO
2941,1,MEXICO
2942,1,MEXICO
2943,1,MEXICO
2944,1,MEXICO
2945,1,MEXICO
2946,1,MEXICO
2947,1,MEXICO
2948,1,MEXICO
2949,1,MEXICO
2950,1,MEXICO
2951,1,MEXICO
2952,1,MEXICO
2953,1,MEXICO
2954,1,MEXICO
2955,1,MEXICO
2956,1,MEXICO
2957,1,MEXICO
2958,1,MEXICO
2959,1,MEXICO
2960,1,MEXICO
2961,1,MEXICO
2962,1,MEXICO
2963,1,MEXICO
2964,1,MEXICO
2965,1,MEXICO
2966,1,MEXICO
2967,1,MEXICO
2968,1,MEXICO
2969,1,MEXICO
2970,1,MEXICO
2971,1,MEXICO
2972,1,MEXICO
2973,1,MEXICO
2974,1,MEXICO
2975,1,MEXICO
2976,1,MEXICO
2977,1,MEXICO
2978,1,MEXICO
2979,1,MEXICO
2980,1,MEXICO
2981,1,MEXICO
2982,1,MEXICO
2983,1,MEXICO
2984,1,MEXICO
2985,1,MEXICO
2986,1,MEXICO
2987,1,MEXICO
2988,1,MEXICO
2989,1,MEXICO
2990,1,MEXICO
2991,1,MEXICO
2992,1,MEXICO
2993,1,MEXICO
2994,1,MEXICO
2995,1,MEXICO
2996,1,MEXICO
2997,1,MEXICO
2998,1,MEXICO
2999,1,MEXICO
3000,1,MEXICO
3001,1,MEXICO
3002,1,MEXICO
3003,1,MEXICO
3004,1,MEXICO
3005,1,MEXICO
3006,1,MEXICO
3007,1,MEXICO
3008,1,MEXICO
3009,1,MEXICO
3010,1,MEXICO
3011,1,MEXICO
3012,1,MEXICO
3013,1,MEXICO
3014,1,MEXICO
3015,1,MEXICO
3016,1,MEXICO
3017,1,MEXICO
3018,1,MEXICO
3019,1,MEXICO
3020,1,MEXICO
3021,1,MEXICO
3022,1,MEXICO
3023,1,MEXICO
3024,1,MEXICO
3025,1,MEXICO
3026,1,MEXICO
3027,1,MEXICO
3028,1,MEXICO
3029,1,MEXICO
3030,1,MEXICO
3031,1,MEXICO
3032,1,MEXICO
3033,1,MEXICO
3034,1,MEXICO
3035,1,MEXICO
3036,1,MEXICO
3037,1,MEXICO
3038,1,MEXICO
3039,1,MEXICO
3040,1,MEXICO
3041,1,MEXICO
3042,1,MEXICO
3043,1,MEXICO
3044,1,MEXICO
3045,1,MEXICO
3046,1,MEXICO
3047,1,MEXICO
3048,1,MEXICO
3049,1,MEXICO
3050,1,MEXICO
3051,1,MEXICO
3052,1,MEXICO
3053,1,MEXICO
3054,1,MEXICO
3055,1,MEXICO
3056,1,MEXICO
3057,1,MEXICO
3058,1,MEXICO
3059,1,MEXICO
3060,1,MEXICO
3061,1,MEXICO
3062,1,MEXICO
3063,1,MEXICO
3064,1,MEXICO
3065,1,MEXICO
3066,1,MEXICO
3067,1,MEXICO
3068,1,MEXICO
3069,1,MEXICO
3070,1,MEXICO
3071,1,MEXICO
3072,1,MEXICO
3073,1,MEXICO
3074,1,MEXICO
3075,1,MEXICO
3076,1,MEXICO
3077,1,MEXICO
3078,1,MEXICO
3079,1,MEXICO
3080,1,MEXICO
3081,1,MEXICO
3082,1,MEXICO
3083,1,MEXICO
3084,1,MEXICO
3085,1,MEXICO
3086,1,MEXICO
3087,1,MEXICO
3088,1,MEXICO
3089,1,MEXICO
3090,1,MEXICO
3091,1,MEXICO
3092,1,MEXICO
3093,1,MEXICO
3094,1,MEXICO
3095,1,MEXICO
3096,1,MEXICO
3097,1,MEXICO
3098,1,MEXICO
3099,1,MEXICO
3100,1,MEXICO
3101,1,MEXICO
3102,1,MEXICO
3103,1,MEXICO
3104,1,MEXICO
3105,1,MEXICO
3106,1,MEXICO
3107,1,MEXICO
3108,1,MEXICO
3109,1,MEXICO
3110,1,MEXICO
3111,1,MEXICO
3112,1,MEXICO
3113,1,MEXICO
3114,1,MEXICO
3115,1,MEXICO
3116,1,MEXICO
3117,1,MEXICO
3118,1,MEXICO
3119,1,MEXICO
3120,1,MEXICO
3121,1,MEXICO
3122,1,MEXICO
3123,1,MEXICO
3124,1,MEXICO
3125,1,MEXICO
3126,1,MEXICO
3127,1,MEXICO
3128,1,MEXICO
3129,1,MEXICO
3130,1,MEXICO
3131,1,MEXICO
3132,1,MEXICO
3133,1,MEXICO
3134,1,MEXICO
3135,1,MEXICO
3136,1,MEXICO
3137,1,MEXICO
3138,1,MEXICO
3139,1,MEXICO
3140,1,MEXICO
3141,1,MEXICO
3142,1,MEXICO
3143,1,MEXICO
3144,1,MEXICO
3145,1,MEXICO
3146,1,MEXICO
3147,1,MEXICO
3148,1,MEXICO
3149,1,MEXICO
3150,1,MEXICO
3151,1,MEXICO
3152,1,MEXICO
3153,1,MEXICO
3154,1,MEXICO
3155,1,MEXICO
3156,1,MEXICO
3157,1,MEXICO
3158,1,MEXICO
3159,1,MEXICO
3160,1,MEXICO
3161,1,MEXICO
3162,1,MEXICO
3163,1,MEXICO
3164,1,MEXICO
3165,1,MEXICO
3166,1,MEXICO
3167,1,MEXICO
3168,1,MEXICO
3169,1,MEXICO
3170,1,MEXICO
3171,1,MEXICO
3172,1,MEXICO
3173,1,MEXICO
3174,1,MEXICO
3175,1,MEXICO
3176,1,MEXICO
3177,1,MEXICO
3178,1,MEXICO
3179,1,MEXICO
3180,1,MEXICO
3181,1,MEXICO
3182,1,MEXICO
3183,1,MEXICO
3184,1,MEXICO
3185,1,MEXICO
3186,1,MEXICO
3187,1,MEXICO
3188,1,MEXICO
3189,1,MEXICO
3190,1,MEXICO
3191,1,MEXICO
3192,1,MEXICO
3193,1,MEXICO
3194,1,MEXICO
3195,19,COLOMBIA
3196,1,MEXICO
3197,1,MEXICO
3198,1,MEXICO
3199,1,MEXICO
3200,1,MEXICO
3201,1,MEXICO
3202,1,MEXICO
3203,1,MEXICO
3204,1,MEXICO
3205,1,MEXICO
3206,1,MEXICO
3207,1,MEXICO
3208,1,MEXICO
3209,1,MEXICO
3210,1,MEXICO
3211,1,MEXICO
3212,1,MEXICO
3213,1,MEXICO
3214,1,MEXICO
3215,1,MEXICO
3216,1,MEXICO
3217,1,MEXICO
3218,1,MEXICO
3219,1,MEXICO
3220,1,MEXICO
3221,1,MEXICO
3222,1,MEXICO
3223,1,MEXICO
3224,1,MEXICO
3225,1,MEXICO
3226,1,MEXICO
3227,1,MEXICO
3228,1,MEXICO
3229,1,MEXICO
3230,1,MEXICO
3231,1,MEXICO
3232,1,MEXICO
3233,1,MEXICO
3234,1,MEXICO
3235,1,MEXICO
3236,1,MEXICO
3237,1,MEXICO
3238,1,MEXICO
3239,1,MEXICO
3240,1,MEXICO
3241,1,MEXICO
3242,1,MEXICO
3243,1,MEXICO
3244,1,MEXICO
3245,1,MEXICO
3246,1,MEXICO
3247,1,MEXICO
3248,1,MEXICO
3249,1,MEXICO
3250,1,MEXICO
3251,1,MEXICO
3252,1,MEXICO
3253,1,MEXICO
3254,1,MEXICO
3255,1,MEXICO
3256,1,MEXICO
3257,1,MEXICO
3258,1,MEXICO
3259,1,MEXICO
3260,1,MEXICO
3261,1,MEXICO
3262,1,MEXICO
3263,1,MEXICO
3264,1,MEXICO
3265,1,MEXICO
3266,1,MEXICO
3267,1,MEXICO
3268,1,MEXICO
3269,1,MEXICO
3270,1,MEXICO
3271,1,MEXICO
3272,1,MEXICO
3273,1,MEXICO
3274,1,MEXICO
3275,1,MEXICO
3276,1,MEXICO
3277,1,MEXICO
3278,1,MEXICO
3279,1,MEXICO
3280,1,MEXICO
3281,1,MEXICO
3282,1,MEXICO
3283,1,MEXICO
3284,1,MEXICO
3285,1,MEXICO
3286,1,MEXICO
3287,1,MEXICO
3288,1,MEXICO
3289,1,MEXICO
3290,1,MEXICO
3291,1,MEXICO
3292,1,MEXICO
3293,1,MEXICO
3294,1,MEXICO
3295,1,MEXICO
3296,1,MEXICO
3297,1,MEXICO
3298,1,MEXICO
3299,1,MEXICO
3300,1,MEXICO
3301,1,MEXICO
3302,1,MEXICO
3303,1,MEXICO
3304,1,MEXICO
3305,1,MEXICO
3306,1,MEXICO
3307,1,MEXICO
3308,1,MEXICO
3309,1,MEXICO
3310,1,MEXICO
3311,1,MEXICO
3312,1,MEXICO
3313,1,MEXICO
3314,1,MEXICO
3315,1,MEXICO
3316,1,MEXICO
3317,1,MEXICO
3318,1,MEXICO
3319,1,MEXICO
3320,1,MEXICO
3321,1,MEXICO
3322,1,MEXICO
3323,1,MEXICO
3324,1,MEXICO
3325,1,MEXICO
3326,1,MEXICO
3327,1,MEXICO
3328,1,MEXICO
3329,1,MEXICO
3330,1,MEXICO
3331,1,MEXICO
3332,1,MEXICO
3333,1,MEXICO
3334,1,MEXICO
3335,1,MEXICO
3336,1,MEXICO
3337,1,MEXICO
3338,1,MEXICO
3339,1,MEXICO
3340,1,MEXICO
3341,1,MEXICO
3342,1,MEXICO
3343,1,MEXICO
3344,1,MEXICO
3345,1,MEXICO
3346,1,MEXICO
3347,1,MEXICO
3348,1,MEXICO
3349,1,MEXICO
3350,1,MEXICO
3351,1,MEXICO
3352,1,MEXICO
3353,1,MEXICO
3354,1,MEXICO
3355,1,MEXICO
3356,1,MEXICO
3357,1,MEXICO
3358,1,MEXICO
3359,1,MEXICO
3360,1,MEXICO
3361,1,MEXICO
3362,1,MEXICO
3363,1,MEXICO
3364,1,MEXICO
3365,1,MEXICO
3366,1,MEXICO
3367,1,MEXICO
3368,1,MEXICO
3369,1,MEXICO
3370,1,MEXICO
3371,1,MEXICO
3372,1,MEXICO
3373,1,MEXICO
3374,1,MEXICO
3375,1,MEXICO
3376,1,MEXICO
3377,1,MEXICO
3378,1,MEXICO
3379,1,MEXICO
3380,1,MEXICO
3381,1,MEXICO
3382,1,MEXICO
3383,1,MEXICO
3384,1,MEXICO
3385,1,MEXICO
3386,1,MEXICO
3387,1,MEXICO
3388,1,MEXICO
3389,1,MEXICO
3390,1,MEXICO
3391,1,MEXICO
3392,1,MEXICO
3393,1,MEXICO
3394,1,MEXICO
3395,1,MEXICO
3396,1,MEXICO
3397,1,MEXICO
3398,1,MEXICO
3399,1,MEXICO
3400,1,MEXICO
3401,1,MEXICO
3402,1,MEXICO
3403,1,MEXICO
3404,1,MEXICO
3405,1,MEXICO
3406,1,MEXICO
3407,1,MEXICO
3408,1,MEXICO
3409,9,CUBA
3410,1,MEXICO
3411,1,MEXICO
3412,1,MEXICO
3413,1,MEXICO
3414,1,MEXICO
3415,1,MEXICO
3416,1,MEXICO
3417,1,MEXICO
3418,1,MEXICO
3419,1,MEXICO
3420,1,MEXICO
3421,1,MEXICO
3422,1,MEXICO
3423,1,MEXICO
3424,1,MEXICO
3425,1,MEXICO
3426,1,MEXICO
3427,1,MEXICO
3428,1,MEXICO
3429,1,MEXICO
3430,1,MEXICO
3431,1,MEXICO
3432,1,MEXICO
3433,1,MEXICO
3434,1,MEXICO
3435,1,MEXICO
3436,1,MEXICO
3437,1,MEXICO
3438,1,MEXICO
3439,1,MEXICO
3440,1,MEXICO
3441,1,MEXICO
3442,1,MEXICO
3443,1,MEXICO
3444,1,MEXICO
3445,1,MEXICO
3446,1,MEXICO
3447,1,MEXICO
3448,1,MEXICO
3449,1,MEXICO
3450,1,MEXICO
3451,1,MEXICO
3452,1,MEXICO
3453,1,MEXICO
3454,1,MEXICO
3455,1,MEXICO
3456,1,MEXICO
3457,1,MEXICO
3458,1,MEXICO
3459,1,MEXICO
3460,1,MEXICO
3461,1,MEXICO
3462,1,MEXICO
3463,1,MEXICO
3464,1,MEXICO
3465,1,MEXICO
3466,1,MEXICO
3467,1,MEXICO
3468,1,MEXICO
3469,1,MEXICO
3470,1,MEXICO
3471,1,MEXICO
3472,1,MEXICO
3473,1,MEXICO
3474,1,MEXICO
3475,1,MEXICO
3476,1,MEXICO
3477,1,MEXICO
3478,1,MEXICO
3479,1,MEXICO
3480,1,MEXICO
3481,1,MEXICO
3482,1,MEXICO
3483,1,MEXICO
3484,1,MEXICO
3485,1,MEXICO
3486,1,MEXICO
3487,1,MEXICO
3488,1,MEXICO
3489,1,MEXICO
3490,1,MEXICO
3491,1,MEXICO
3492,1,MEXICO
3493,1,MEXICO
3494,1,MEXICO
3495,1,MEXICO
3496,1,MEXICO
3497,1,MEXICO
3498,1,MEXICO
3499,1,MEXICO
3500,1,MEXICO
3501,1,MEXICO
3502,1,MEXICO
3503,1,MEXICO
3504,1,MEXICO
3505,1,MEXICO
3506,1,MEXICO
3507,1,MEXICO
3508,1,MEXICO
3509,1,MEXICO
3510,1,MEXICO
3511,1,MEXICO
3512,1,MEXICO
3513,1,MEXICO
3514,1,MEXICO
3515,1,MEXICO
3516,1,MEXICO
3517,1,MEXICO
3518,1,MEXICO
3519,1,MEXICO
3520,1,MEXICO
3521,1,MEXICO
3522,1,MEXICO
3523,1,MEXICO
3524,1,MEXICO
3525,1,MEXICO
3526,1,MEXICO
3527,1,MEXICO
3528,1,MEXICO
3529,1,MEXICO
3530,1,MEXICO
3531,1,MEXICO
3532,1,MEXICO
3533,1,MEXICO
3534,1,MEXICO
3535,1,MEXICO
3536,1,MEXICO
3537,1,MEXICO
3538,1,MEXICO
3539,1,MEXICO
3540,1,MEXICO
3541,1,MEXICO
3542,1,MEXICO
3543,1,MEXICO
3544,1,MEXICO
3545,1,MEXICO
3546,1,MEXICO
3547,1,MEXICO
3548,1,MEXICO
3549,1,MEXICO
3550,1,MEXICO
3551,1,MEXICO
3552,1,MEXICO
3553,1,MEXICO
3554,1,MEXICO
3555,1,MEXICO
3556,1,MEXICO
3557,1,MEXICO
3558,1,MEXICO
3559,1,MEXICO
3560,1,MEXICO
3561,1,MEXICO
3562,1,MEXICO
3563,1,MEXICO
3564,1,MEXICO
3565,1,MEXICO
3566,1,MEXICO
3567,1,MEXICO
3568,1,MEXICO
3569,1,MEXICO
3570,1,MEXICO
3571,1,MEXICO
3572,1,MEXICO
3573,1,MEXICO
3574,1,MEXICO
3575,1,MEXICO
3576,1,MEXICO
3577,1,MEXICO
3578,1,MEXICO
3579,1,MEXICO
3580,1,MEXICO
3581,1,MEXICO
3582,1,MEXICO
3583,1,MEXICO
3584,1,MEXICO
3585,1,MEXICO
3586,1,MEXICO
3587,1,MEXICO
3588,1,MEXICO
3589,1,MEXICO
3590,1,MEXICO
3591,1,MEXICO
3592,1,MEXICO
3593,1,MEXICO
3594,1,MEXICO
3595,1,MEXICO
3596,1,MEXICO
3597,1,MEXICO
3598,1,MEXICO
3599,1,MEXICO
3600,1,MEXICO
3601,1,MEXICO
3602,1,MEXICO
3603,1,MEXICO
3604,1,MEXICO
3605,1,MEXICO
3606,1,MEXICO
3607,1,MEXICO
3608,1,MEXICO
3609,1,MEXICO
3610,1,MEXICO
3611,1,MEXICO
3612,1,MEXICO
3613,1,MEXICO
3614,1,MEXICO
3615,1,MEXICO
3616,1,MEXICO
3617,1,MEXICO
3618,1,MEXICO
3619,1,MEXICO
3620,1,MEXICO
3621,1,MEXICO
3622,1,MEXICO
3623,1,MEXICO
3624,1,MEXICO
3625,1,MEXICO
3626,1,MEXICO
3627,1,MEXICO
3628,1,MEXICO
3629,1,MEXICO
3630,1,MEXICO
3631,1,MEXICO
3632,1,MEXICO
3633,1,MEXICO
3634,1,MEXICO
3635,1,MEXICO
3636,1,MEXICO
3637,1,MEXICO
3638,1,MEXICO
3639,1,MEXICO
3640,1,MEXICO
3641,1,MEXICO
3642,1,MEXICO
3643,1,MEXICO
3644,1,MEXICO
3645,1,MEXICO
3646,1,MEXICO
3647,1,MEXICO
3648,1,MEXICO
3649,1,MEXICO
3650,1,MEXICO
3651,1,MEXICO
3652,1,MEXICO
3653,1,MEXICO
3654,1,MEXICO
3655,1,MEXICO
3656,1,MEXICO
3657,1,MEXICO
3658,1,MEXICO
3659,1,MEXICO
3660,1,MEXICO
3661,1,MEXICO
3662,1,MEXICO
3663,1,MEXICO
3664,1,MEXICO
3665,1,MEXICO
3666,1,MEXICO
3667,1,MEXICO
3668,1,MEXICO
3669,1,MEXICO
3670,1,MEXICO
3671,1,MEXICO
3672,1,MEXICO
3673,1,MEXICO
3674,1,MEXICO
3675,1,MEXICO
3676,1,MEXICO
3677,9,CUBA
3678,1,MEXICO
3679,1,MEXICO
3680,1,MEXICO
3681,1,MEXICO
3682,1,MEXICO
3683,1,MEXICO
3684,1,MEXICO
3685,1,MEXICO
3686,1,MEXICO
3687,1,MEXICO
3688,1,MEXICO
3689,1,MEXICO
3690,1,MEXICO
3691,1,MEXICO
3692,1,MEXICO
3693,1,MEXICO
3694,1,MEXICO
3695,1,MEXICO
3696,1,MEXICO
3697,1,MEXICO
3698,1,MEXICO
3699,1,MEXICO
3700,1,MEXICO
3701,1,MEXICO
3702,1,MEXICO
3703,1,MEXICO
3704,1,MEXICO
3705,1,MEXICO
3706,1,MEXICO
3707,1,MEXICO
3708,1,MEXICO
3709,1,MEXICO
3710,1,MEXICO
3711,1,MEXICO
3712,1,MEXICO
3713,1,MEXICO
3714,1,MEXICO
3715,1,MEXICO
3716,1,MEXICO
3717,1,MEXICO
3718,1,MEXICO
3719,1,MEXICO
3720,1,MEXICO
3721,1,MEXICO
3722,1,MEXICO
3723,1,MEXICO
3724,1,MEXICO
3725,1,MEXICO
3726,1,MEXICO
3727,1,MEXICO
3728,1,MEXICO
3729,1,MEXICO
3730,1,MEXICO
3731,1,MEXICO
3732,1,MEXICO
3733,1,MEXICO
3734,1,MEXICO
3735,1,MEXICO
3736,1,MEXICO
3737,1,MEXICO
3738,1,MEXICO
3739,1,MEXICO
3740,1,MEXICO
3741,1,MEXICO
3742,1,MEXICO
3743,1,MEXICO
3744,1,MEXICO
3745,1,MEXICO
3746,1,MEXICO
3747,1,MEXICO
3748,1,MEXICO
3749,1,MEXICO
3750,1,MEXICO
3751,1,MEXICO
3752,1,MEXICO
3753,1,MEXICO
3754,1,MEXICO
3755,1,MEXICO
3756,1,MEXICO
3757,1,MEXICO
3758,1,MEXICO
3759,1,MEXICO
3760,1,MEXICO
3761,1,MEXICO
3762,1,MEXICO
3763,1,MEXICO
3764,1,MEXICO
3765,1,MEXICO
3766,1,MEXICO
3767,1,MEXICO
3768,1,MEXICO
3769,1,MEXICO
3770,1,MEXICO
3771,1,MEXICO
3772,1,MEXICO
3773,1,MEXICO
3774,1,MEXICO
3775,1,MEXICO
3776,1,MEXICO
3777,1,MEXICO
3778,1,MEXICO
3779,1,MEXICO
3780,1,MEXICO
3781,1,MEXICO
3782,9,CUBA
3783,1,MEXICO
3784,1,MEXICO
3785,1,MEXICO
3786,1,MEXICO
3787,1,MEXICO
3788,1,MEXICO
3789,1,MEXICO
3790,1,MEXICO
3791,1,MEXICO
3792,1,MEXICO
3793,1,MEXICO
3794,1,MEXICO
3795,1,MEXICO
3796,1,MEXICO
3797,1,MEXICO
3798,1,MEXICO
3799,1,MEXICO
3800,1,MEXICO
3801,1,MEXICO
3802,1,MEXICO
3803,1,MEXICO
3804,1,MEXICO
3805,1,MEXICO
3806,1,MEXICO
3807,1,MEXICO
3808,1,MEXICO
3809,1,MEXICO
3810,1,MEXICO
3811,1,MEXICO
3812,1,MEXICO
3813,1,MEXICO
3814,1,MEXICO
3815,1,MEXICO
3816,1,MEXICO
3817,1,MEXICO
3818,1,MEXICO
3819,1,MEXICO
3820,1,MEXICO
3821,1,MEXICO
3822,1,MEXICO
3823,1,MEXICO
3824,1,MEXICO
3825,1,MEXICO
3826,1,MEXICO
3827,1,MEXICO
3828,1,MEXICO
3829,1,MEXICO
3830,1,MEXICO
3831,1,MEXICO
3832,1,MEXICO
3833,1,MEXICO
3834,1,MEXICO
3835,1,MEXICO
3836,1,MEXICO
3837,1,MEXICO
3838,1,MEXICO
3839,1,MEXICO
3840,1,MEXICO
3841,1,MEXICO
3842,1,MEXICO
3843,1,MEXICO
3844,1,MEXICO
3845,1,MEXICO
3846,1,MEXICO
3847,1,MEXICO
3848,1,MEXICO
3849,1,MEXICO
3850,1,MEXICO
3851,1,MEXICO
3852,1,MEXICO
3853,1,MEXICO
3854,1,MEXICO
3855,1,MEXICO
3856,1,MEXICO
3857,1,MEXICO
3858,1,MEXICO
3859,1,MEXICO
3860,1,MEXICO
3861,1,MEXICO
3862,1,MEXICO
3863,1,MEXICO
3864,1,MEXICO
3865,1,MEXICO
3866,1,MEXICO
3867,1,MEXICO
3868,1,MEXICO
3869,1,MEXICO
3870,1,MEXICO
3871,1,MEXICO
3872,1,MEXICO
3873,1,MEXICO
3874,1,MEXICO
3875,1,MEXICO
3876,1,MEXICO
3877,1,MEXICO
3878,1,MEXICO
3879,1,MEXICO
3880,1,MEXICO
3881,1,MEXICO
3882,1,MEXICO
3883,1,MEXICO
3884,1,MEXICO
3885,1,MEXICO
3886,1,MEXICO
3887,1,MEXICO
3888,1,MEXICO
3889,1,MEXICO
3890,1,MEXICO
3891,1,MEXICO
3892,1,MEXICO
3893,1,MEXICO
3894,1,MEXICO
3895,1,MEXICO
3896,1,MEXICO
3897,1,MEXICO
3898,1,MEXICO
3899,1,MEXICO
3900,1,MEXICO
3901,1,MEXICO
3902,1,MEXICO
3903,1,MEXICO
3904,1,MEXICO
3905,1,MEXICO
3906,1,MEXICO
3907,1,MEXICO
3908,1,MEXICO
3909,1,MEXICO
3910,1,MEXICO
3911,1,MEXICO
3912,1,MEXICO
3913,1,MEXICO
3914,1,MEXICO
3915,1,MEXICO
3916,1,MEXICO
3917,1,MEXICO
3918,1,MEXICO
3919,1,MEXICO
3920,1,MEXICO
3921,1,MEXICO
3922,1,MEXICO
3923,1,MEXICO
3924,1,MEXICO
3925,1,MEXICO
3926,1,MEXICO
3927,1,MEXICO
3928,1,MEXICO
3929,1,MEXICO
3930,1,MEXICO
3931,1,MEXICO
3932,1,MEXICO
3933,1,MEXICO
3934,1,MEXICO
3935,1,MEXICO
3936,1,MEXICO
3937,1,MEXICO
3938,1,MEXICO
3939,1,MEXICO
3940,1,MEXICO
3941,1,MEXICO
3942,1,MEXICO
3943,1,MEXICO
3944,1,MEXICO
3945,1,MEXICO
3946,1,MEXICO
3947,1,MEXICO
3948,1,MEXICO
3949,1,MEXICO
3950,1,MEXICO
3951,1,MEXICO
3952,1,MEXICO
3953,1,MEXICO
3954,1,MEXICO
3955,1,MEXICO
3956,1,MEXICO
3957,1,MEXICO
3958,1,MEXICO
3959,1,MEXICO
3960,1,MEXICO
3961,1,MEXICO
3962,1,MEXICO
3963,1,MEXICO
3964,1,MEXICO
3965,1,MEXICO
3966,1,MEXICO
3967,1,MEXICO
3968,1,MEXICO
3969,1,MEXICO
3970,1,MEXICO
3971,1,MEXICO
3972,1,MEXICO
3973,1,MEXICO
3974,1,MEXICO
3975,1,MEXICO
3976,1,MEXICO
3977,1,MEXICO
3978,1,MEXICO
3979,1,MEXICO
3980,1,MEXICO
3981,1,MEXICO
3982,1,MEXICO
3983,1,MEXICO
3984,1,MEXICO
3985,1,MEXICO
3986,1,MEXICO
3987,1,MEXICO
3988,1,MEXICO
3989,1,MEXICO
3990,1,MEXICO
3991,1,MEXICO
3992,1,MEXICO
3993,1,MEXICO
3994,1,MEXICO
3995,1,MEXICO
3996,1,MEXICO
3997,1,MEXICO
3998,1,MEXICO
3999,1,MEXICO
4000,1,MEXICO
4001,1,MEXICO
4002,1,MEXICO
4003,1,MEXICO
4004,1,MEXICO
4005,1,MEXICO
4006,1,MEXICO
4007,1,MEXICO
4008,1,MEXICO
4009,1,MEXICO
4010,1,MEXICO
4011,1,MEXICO
4012,1,MEXICO
4013,1,MEXICO
4014,1,MEXICO
4015,1,MEXICO
4016,1,MEXICO
4017,1,MEXICO
4018,1,MEXICO
4019,1,MEXICO
4020,1,MEXICO
4021,1,MEXICO
4022,1,MEXICO
4023,1,MEXICO
4024,1,MEXICO
4025,1,MEXICO
4026,1,MEXICO
4027,1,MEXICO
4028,1,MEXICO
4029,1,MEXICO
4030,1,MEXICO
4031,1,MEXICO
4032,1,MEXICO
4033,1,MEXICO
4034,1,MEXICO
4035,1,MEXICO
4036,1,MEXICO
4037,1,MEXICO
4038,1,MEXICO
4039,1,MEXICO
4040,1,MEXICO
4041,1,MEXICO
4042,1,MEXICO
4043,1,MEXICO
4044,1,MEXICO
4045,1,MEXICO
4046,1,MEXICO
4047,1,MEXICO
4048,1,MEXICO
4049,1,MEXICO
4050,1,MEXICO
4051,1,MEXICO
4052,1,MEXICO
4053,1,MEXICO
4054,1,MEXICO
4055,1,MEXICO
4056,1,MEXICO
4057,1,MEXICO
4058,1,MEXICO
4059,1,MEXICO
4060,1,MEXICO
4061,1,MEXICO
4062,1,MEXICO
4063,1,MEXICO
4064,1,MEXICO
4065,1,MEXICO
4066,1,MEXICO
4067,1,MEXICO
4068,1,MEXICO
4069,1,MEXICO
4070,1,MEXICO
4071,1,MEXICO
4072,1,MEXICO
4073,1,MEXICO
4074,1,MEXICO
4075,1,MEXICO
4076,1,MEXICO
4077,1,MEXICO
4078,1,MEXICO
4079,1,MEXICO
4080,1,MEXICO
4081,1,MEXICO
4082,1,MEXICO
4083,1,MEXICO
4084,1,MEXICO
4085,1,MEXICO
4086,1,MEXICO
4087,1,MEXICO
4088,1,MEXICO
4089,1,MEXICO
4090,1,MEXICO
4091,1,MEXICO
4092,1,MEXICO
4093,1,MEXICO
4094,1,MEXICO
4095,1,MEXICO
4096,1,MEXICO
4097,1,MEXICO
4098,1,MEXICO
4099,1,MEXICO
4100,1,MEXICO
4101,1,MEXICO
4102,1,MEXICO
4103,1,MEXICO
4104,1,MEXICO
4105,1,MEXICO
4106,1,MEXICO
4107,1,MEXICO
4108,1,MEXICO
4109,1,MEXICO
4110,1,MEXICO
4111,1,MEXICO
4112,1,MEXICO
4113,1,MEXICO
4114,1,MEXICO
4115,1,MEXICO
4116,1,MEXICO
4117,1,MEXICO
4118,1,MEXICO
4119,1,MEXICO
4120,1,MEXICO
4121,1,MEXICO
4122,1,MEXICO
4123,1,MEXICO
4124,1,MEXICO
4125,1,MEXICO
4126,1,MEXICO
4127,1,MEXICO
4128,1,MEXICO
4129,1,MEXICO
4130,1,MEXICO
4131,1,MEXICO
4132,1,MEXICO
4133,1,MEXICO
4134,1,MEXICO
4135,1,MEXICO
4136,1,MEXICO
4137,1,MEXICO
4138,1,MEXICO
4139,1,MEXICO
4140,1,MEXICO
4141,1,MEXICO
4142,1,MEXICO
4143,1,MEXICO
4144,1,MEXICO
4145,1,MEXICO
4146,1,MEXICO
4147,1,MEXICO
4148,1,MEXICO
4149,1,MEXICO
4150,1,MEXICO
4151,1,MEXICO
4152,1,MEXICO
4153,1,MEXICO
4154,1,MEXICO
4155,1,MEXICO
4156,1,MEXICO
4157,1,MEXICO
4158,1,MEXICO
4159,1,MEXICO
4160,1,MEXICO
4161,1,MEXICO
4162,1,MEXICO
4163,1,MEXICO
4164,1,MEXICO
4165,1,MEXICO
4166,1,MEXICO
4167,1,MEXICO
4168,1,MEXICO
4169,1,MEXICO
4170,1,MEXICO
4171,1,MEXICO
4172,1,MEXICO
4173,1,MEXICO
4174,1,MEXICO
4175,1,MEXICO
4176,1,MEXICO
4177,1,MEXICO
4178,1,MEXICO
4179,1,MEXICO
4180,1,MEXICO
4181,1,MEXICO
4182,1,MEXICO
4183,1,MEXICO
4184,1,MEXICO
4185,1,MEXICO
4186,1,MEXICO
4187,1,MEXICO
4188,1,MEXICO
4189,1,MEXICO
4190,1,MEXICO
4191,1,MEXICO
4192,1,MEXICO
4193,1,MEXICO
4194,1,MEXICO
4195,1,MEXICO
4196,1,MEXICO
4197,1,MEXICO
4198,1,MEXICO
4199,1,MEXICO
4200,1,MEXICO
4201,1,MEXICO
4202,1,MEXICO
4203,1,MEXICO
4204,1,MEXICO
4205,1,MEXICO
4206,1,MEXICO
4207,1,MEXICO
4208,1,MEXICO
4209,1,MEXICO
4210,1,MEXICO
4211,1,MEXICO
4212,1,MEXICO
4213,1,MEXICO
4214,1,MEXICO
4215,1,MEXICO
4216,1,MEXICO
4217,1,MEXICO
4218,1,MEXICO
4219,1,MEXICO
4220,1,MEXICO
4221,1,MEXICO
4222,1,MEXICO
4223,1,MEXICO
4224,1,MEXICO
4225,1,MEXICO
4226,1,MEXICO
4227,1,MEXICO
4228,1,MEXICO
4229,1,MEXICO
4230,1,MEXICO
4231,1,MEXICO
4232,1,MEXICO
4233,1,MEXICO
4234,1,MEXICO
4235,1,MEXICO
4236,1,MEXICO
4237,1,MEXICO
4238,1,MEXICO
4239,1,MEXICO
4240,1,MEXICO
4241,1,MEXICO
4242,1,MEXICO
4243,1,MEXICO
4244,1,MEXICO
4245,1,MEXICO
4246,1,MEXICO
4247,1,MEXICO
4248,1,MEXICO
4249,1,MEXICO
4250,1,MEXICO
4251,1,MEXICO
4252,1,MEXICO
4253,1,MEXICO
4254,1,MEXICO
4255,1,MEXICO
4256,1,MEXICO
4257,1,MEXICO
4258,1,MEXICO
4259,1,MEXICO
4260,1,MEXICO
4261,1,MEXICO
4262,1,MEXICO
4263,1,MEXICO
4264,1,MEXICO
4265,1,MEXICO
4266,1,MEXICO
4267,1,MEXICO
4268,1,MEXICO
4269,1,MEXICO
4270,1,MEXICO
4271,1,MEXICO
4272,1,MEXICO
4273,1,MEXICO
4274,1,MEXICO
4275,1,MEXICO
4276,1,MEXICO
4277,1,MEXICO
4278,1,MEXICO
4279,1,MEXICO
4280,1,MEXICO
4281,1,MEXICO
4282,1,MEXICO
4283,1,MEXICO
4284,1,MEXICO
4285,1,MEXICO
4286,1,MEXICO
4287,1,MEXICO
4288,1,MEXICO
4289,1,MEXICO
4290,1,MEXICO
4291,1,MEXICO
4292,1,MEXICO
4293,1,MEXICO
4294,1,MEXICO
4295,1,MEXICO
4296,1,MEXICO
4297,1,MEXICO
4298,1,MEXICO
4299,1,MEXICO
4300,1,MEXICO
4301,1,MEXICO
4302,1,MEXICO
4303,1,MEXICO
4304,1,MEXICO
4305,1,MEXICO
4306,1,MEXICO
4307,1,MEXICO
4308,1,MEXICO
4309,1,MEXICO
4310,1,MEXICO
4311,1,MEXICO
4312,1,MEXICO
4313,1,MEXICO
4314,1,MEXICO
4315,1,MEXICO
4316,1,MEXICO
4317,1,MEXICO
4318,1,MEXICO
4319,1,MEXICO
4320,1,MEXICO
4321,1,MEXICO
4322,1,MEXICO
4323,1,MEXICO
4324,1,MEXICO
4325,1,MEXICO
4326,1,MEXICO
4327,1,MEXICO
4328,1,MEXICO
4329,1,MEXICO
4330,1,MEXICO
4331,1,MEXICO
4332,1,MEXICO
4333,1,MEXICO
4334,1,MEXICO
4335,1,MEXICO
4336,1,MEXICO
4337,1,MEXICO
4338,1,MEXICO
4339,1,MEXICO
4340,1,MEXICO
4341,1,MEXICO
4342,1,MEXICO
4343,1,MEXICO
4344,1,MEXICO
4345,1,MEXICO
4346,1,MEXICO
4347,1,MEXICO
4348,1,MEXICO
4349,1,MEXICO
4350,1,MEXICO
4351,1,MEXICO
4352,1,MEXICO
4353,1,MEXICO
4354,1,MEXICO
4355,1,MEXICO
4356,1,MEXICO
4357,1,MEXICO
4358,1,MEXICO
4359,1,MEXICO
4360,1,MEXICO
4361,1,MEXICO
4362,1,MEXICO
4363,1,MEXICO
4364,1,MEXICO
4365,1,MEXICO
4366,1,MEXICO
4367,1,MEXICO
4368,1,MEXICO
4369,1,MEXICO
4370,1,MEXICO
4371,1,MEXICO
4372,1,MEXICO
4373,1,MEXICO
4374,1,MEXICO
4375,1,MEXICO
4376,1,MEXICO
4377,1,MEXICO
4378,1,MEXICO
4379,1,MEXICO
4380,1,MEXICO
4381,1,MEXICO
4382,1,MEXICO
4383,1,MEXICO
4384,1,MEXICO
4385,1,MEXICO
4386,1,MEXICO
4387,1,MEXICO
4388,1,MEXICO
4389,1,MEXICO
4390,1,MEXICO
4391,1,MEXICO
4392,1,MEXICO
4393,1,MEXICO
4394,1,MEXICO
4395,1,MEXICO
4396,1,MEXICO
4397,1,MEXICO
4398,1,MEXICO
4399,1,MEXICO
4400,1,MEXICO
4401,1,MEXICO
4402,1,MEXICO
4403,1,MEXICO
4404,1,MEXICO
4405,1,MEXICO
4406,1,MEXICO
4407,1,MEXICO
4408,1,MEXICO
4409,1,MEXICO
4410,1,MEXICO
4411,1,MEXICO
4412,1,MEXICO
4413,1,MEXICO
4414,1,MEXICO
4415,1,MEXICO
4416,1,MEXICO
4417,1,MEXICO
4418,1,MEXICO
4419,1,MEXICO
4420,1,MEXICO
4421,1,MEXICO
4422,1,MEXICO
4423,1,MEXICO
4424,1,MEXICO
4425,1,MEXICO
4426,1,MEXICO
4427,1,MEXICO
4428,1,MEXICO
4429,1,MEXICO
4430,1,MEXICO
4431,1,MEXICO
4432,1,MEXICO
4433,1,MEXICO
4434,1,MEXICO
4435,1,MEXICO
4436,1,MEXICO
4437,1,MEXICO
4438,1,MEXICO
4439,1,MEXICO
4440,1,MEXICO
4441,1,MEXICO
4442,1,MEXICO
4443,1,MEXICO
4444,1,MEXICO
4445,1,MEXICO
4446,1,MEXICO
4447,1,MEXICO
4448,1,MEXICO
4449,1,MEXICO
4450,1,MEXICO
4451,1,MEXICO
4452,1,MEXICO
4453,1,MEXICO
4454,1,MEXICO
4455,1,MEXICO
4456,1,MEXICO
4457,1,MEXICO
4458,1,MEXICO
4459,1,MEXICO
4460,1,MEXICO
4461,1,MEXICO
4462,1,MEXICO
4463,1,MEXICO
4464,1,MEXICO
4465,1,MEXICO
4466,1,MEXICO
4467,1,MEXICO
4468,1,MEXICO
4469,1,MEXICO
4470,1,MEXICO
4471,1,MEXICO
4472,1,MEXICO
4473,1,MEXICO
4474,1,MEXICO
4475,1,MEXICO
4476,1,MEXICO
4477,1,MEXICO
4478,1,MEXICO
4479,1,MEXICO
4480,1,MEXICO
4481,1,MEXICO
4482,1,MEXICO
4483,1,MEXICO
4484,1,MEXICO
4485,1,MEXICO
4486,1,MEXICO
4487,1,MEXICO
4488,1,MEXICO
4489,1,MEXICO
4490,1,MEXICO
4491,1,MEXICO
4492,1,MEXICO
4493,1,MEXICO
4494,1,MEXICO
4495,1,MEXICO
4496,1,MEXICO
4497,1,MEXICO
4498,1,MEXICO
4499,1,MEXICO
4500,1,MEXICO
4501,1,MEXICO
4502,1,MEXICO
4503,1,MEXICO
4504,1,MEXICO
4505,1,MEXICO
4506,1,MEXICO
4507,1,MEXICO
4508,1,MEXICO
4509,1,MEXICO
4510,1,MEXICO
4511,1,MEXICO
4512,1,MEXICO
4513,1,MEXICO
4514,1,MEXICO
4515,1,MEXICO
4516,1,MEXICO
4517,1,MEXICO
4518,1,MEXICO
4519,1,MEXICO
4520,1,MEXICO
4521,1,MEXICO
4522,1,MEXICO
4523,1,MEXICO
4524,1,MEXICO
4525,1,MEXICO
4526,1,MEXICO
4527,1,MEXICO
4528,1,MEXICO
4529,1,MEXICO
4530,1,MEXICO
4531,1,MEXICO
4532,1,MEXICO
4533,1,MEXICO
4534,1,MEXICO
4535,1,MEXICO
4536,1,MEXICO
4537,1,MEXICO
4538,1,MEXICO
4539,1,MEXICO
4540,1,MEXICO
4541,1,MEXICO
4542,1,MEXICO
4543,1,MEXICO
4544,1,MEXICO
4545,1,MEXICO
4546,1,MEXICO
4547,1,MEXICO
4548,1,MEXICO
4549,1,MEXICO
4550,1,MEXICO
4551,1,MEXICO
4552,1,MEXICO
4553,1,MEXICO
4554,1,MEXICO
4555,1,MEXICO
4556,1,MEXICO
4557,1,MEXICO
4558,1,MEXICO
4559,1,MEXICO
4560,1,MEXICO
4561,1,MEXICO
4562,1,MEXICO
4563,1,MEXICO
4564,1,MEXICO
4565,1,MEXICO
4566,1,MEXICO
4567,1,MEXICO
4568,1,MEXICO
4569,1,MEXICO
4570,1,MEXICO
4571,1,MEXICO
4572,1,MEXICO
4573,1,MEXICO
4574,1,MEXICO
4575,1,MEXICO
4576,1,MEXICO
4577,1,MEXICO
4578,1,MEXICO
4579,1,MEXICO
4580,1,MEXICO
4581,1,MEXICO
4582,1,MEXICO
4583,1,MEXICO
4584,1,MEXICO
4585,1,MEXICO
4586,1,MEXICO
4587,1,MEXICO
4588,1,MEXICO
4589,1,MEXICO
4590,1,MEXICO
4591,1,MEXICO
4592,1,MEXICO
4593,1,MEXICO
4594,1,MEXICO
4595,1,MEXICO
4596,1,MEXICO
4597,1,MEXICO
4598,1,MEXICO
4599,1,MEXICO
4600,1,MEXICO
4601,1,MEXICO
4602,1,MEXICO
4603,1,MEXICO
4604,1,MEXICO
4605,1,MEXICO
4606,1,MEXICO
4607,1,MEXICO
4608,1,MEXICO
4609,1,MEXICO
4610,1,MEXICO
4611,1,MEXICO
4612,1,MEXICO
4613,1,MEXICO
4614,1,MEXICO
4615,1,MEXICO
4616,1,MEXICO
4617,1,MEXICO
4618,1,MEXICO
4619,1,MEXICO
4620,1,MEXICO
4621,1,MEXICO
4622,1,MEXICO
4623,1,MEXICO
4624,1,MEXICO
4625,1,MEXICO
4626,1,MEXICO
4627,1,MEXICO
4628,1,MEXICO
4629,1,MEXICO
4630,1,MEXICO
4631,1,MEXICO
4632,1,MEXICO
4633,1,MEXICO
4634,1,MEXICO
4635,1,MEXICO
4636,1,MEXICO
4637,1,MEXICO
4638,1,MEXICO
4639,1,MEXICO
4640,1,MEXICO
4641,1,MEXICO
4642,1,MEXICO
4643,1,MEXICO
4644,1,MEXICO
4645,1,MEXICO
4646,1,MEXICO
4647,1,MEXICO
4648,1,MEXICO
4649,1,MEXICO
4650,1,MEXICO
4651,1,MEXICO
4652,1,MEXICO
4653,1,MEXICO
4654,1,MEXICO
4655,1,MEXICO
4656,1,MEXICO
4657,1,MEXICO
4658,1,MEXICO
4659,1,MEXICO
4660,1,MEXICO
4661,1,MEXICO
4662,1,MEXICO
4663,1,MEXICO
4664,1,MEXICO
4665,1,MEXICO
4666,1,MEXICO
4667,1,MEXICO
4668,1,MEXICO
4669,1,MEXICO
4670,1,MEXICO
4671,1,MEXICO
4672,1,MEXICO
4673,1,MEXICO
4674,1,MEXICO
4675,1,MEXICO
4676,1,MEXICO
4677,1,MEXICO
4678,1,MEXICO
4679,1,MEXICO
4680,1,MEXICO
4681,1,MEXICO
4682,1,MEXICO
4683,1,MEXICO
4684,1,MEXICO
4685,1,MEXICO
4686,1,MEXICO
4687,1,MEXICO
4688,1,MEXICO
4689,1,MEXICO
4690,1,MEXICO
4691,1,MEXICO
4692,1,MEXICO
4693,1,MEXICO
4694,1,MEXICO
4695,1,MEXICO
4696,1,MEXICO
4697,1,MEXICO
4698,1,MEXICO
4699,1,MEXICO
4700,1,MEXICO
4701,1,MEXICO
4702,1,MEXICO
4703,1,MEXICO
4704,1,MEXICO
4705,1,MEXICO
4706,1,MEXICO
4707,1,MEXICO
4708,1,MEXICO
4709,1,MEXICO
4710,1,MEXICO
4711,1,MEXICO
4712,1,MEXICO
4713,1,MEXICO
4714,1,MEXICO
4715,1,MEXICO
4716,1,MEXICO
4717,1,MEXICO
4718,1,MEXICO
4719,1,MEXICO
4720,1,MEXICO
4721,1,MEXICO
4722,1,MEXICO
4723,1,MEXICO
4724,1,MEXICO
4725,1,MEXICO
4726,1,MEXICO
4727,1,MEXICO
4728,1,MEXICO
4729,1,MEXICO
4730,1,MEXICO
4731,1,MEXICO
4732,1,MEXICO
4733,1,MEXICO
4734,1,MEXICO
4735,1,MEXICO
4736,1,MEXICO
4737,1,MEXICO
4738,1,MEXICO
4739,1,MEXICO
4740,1,MEXICO
4741,1,MEXICO
4742,1,MEXICO
4743,1,MEXICO
4744,1,MEXICO
4745,1,MEXICO
4746,1,MEXICO
4747,1,MEXICO
4748,1,MEXICO
4749,1,MEXICO
4750,1,MEXICO
4751,1,MEXICO
4752,1,MEXICO
4753,1,MEXICO
4754,1,MEXICO
4755,1,MEXICO
4756,1,MEXICO
4757,1,MEXICO
4758,1,MEXICO
4759,1,MEXICO
4760,1,MEXICO
4761,1,MEXICO
4762,1,MEXICO
4763,1,MEXICO
4764,1,MEXICO
4765,1,MEXICO
4766,1,MEXICO
4767,1,MEXICO
4768,1,MEXICO
4769,1,MEXICO
4770,1,MEXICO
4771,1,MEXICO
4772,1,MEXICO
4773,1,MEXICO
4774,1,MEXICO
4775,1,MEXICO
4776,1,MEXICO
4777,1,MEXICO
4778,1,MEXICO
4779,1,MEXICO
4780,1,MEXICO
4781,1,MEXICO
4782,1,MEXICO
4783,1,MEXICO
4784,1,MEXICO
4785,1,MEXICO
4786,1,MEXICO
4787,1,MEXICO
4788,1,MEXICO
4789,1,MEXICO
4790,1,MEXICO
4791,1,MEXICO
4792,1,MEXICO
4793,1,MEXICO
4794,1,MEXICO
4795,1,MEXICO
4796,1,MEXICO
4797,1,MEXICO
4798,1,MEXICO
4799,1,MEXICO
4800,1,MEXICO
4801,1,MEXICO
4802,1,MEXICO
4803,1,MEXICO
4804,1,MEXICO
4805,1,MEXICO
4806,1,MEXICO
4807,1,MEXICO
4808,1,MEXICO
4809,1,MEXICO
4810,1,MEXICO
4811,1,MEXICO
4812,1,MEXICO
4813,1,MEXICO
4814,1,MEXICO
4815,1,MEXICO
4816,1,MEXICO
4817,1,MEXICO
4818,1,MEXICO
4819,1,MEXICO
4820,1,MEXICO
4821,1,MEXICO
4822,1,MEXICO
4823,1,MEXICO
4824,1,MEXICO
4825,1,MEXICO
4826,1,MEXICO
4827,1,MEXICO
4828,1,MEXICO
4829,1,MEXICO
4830,1,MEXICO
4831,1,MEXICO
4832,1,MEXICO
4833,1,MEXICO
4834,1,MEXICO
4835,1,MEXICO
4836,1,MEXICO
4837,1,MEXICO
4838,1,MEXICO
4839,1,MEXICO
4840,1,MEXICO
4841,1,MEXICO
4842,1,MEXICO
4843,1,MEXICO
4844,1,MEXICO
4845,1,MEXICO
4846,1,MEXICO
4847,1,MEXICO
4848,1,MEXICO
4849,1,MEXICO
4850,1,MEXICO
4851,1,MEXICO
4852,1,MEXICO
4853,1,MEXICO
4854,1,MEXICO
4855,1,MEXICO
4856,1,MEXICO
4857,1,MEXICO
4858,1,MEXICO
4859,1,MEXICO
4860,1,MEXICO
4861,1,MEXICO
4862,1,MEXICO
4863,1,MEXICO
4864,1,MEXICO
4865,1,MEXICO
4866,1,MEXICO
4867,1,MEXICO
4868,1,MEXICO
4869,1,MEXICO
4870,1,MEXICO
4871,1,MEXICO
4872,1,MEXICO
4873,1,MEXICO
4874,1,MEXICO
4875,1,MEXICO
4876,1,MEXICO
4877,1,MEXICO
4878,1,MEXICO
4879,1,MEXICO
4880,1,MEXICO
4881,1,MEXICO
4882,1,MEXICO
4883,1,MEXICO
4884,1,MEXICO
4885,1,MEXICO
4886,1,MEXICO
4887,1,MEXICO
4888,1,MEXICO
4889,1,MEXICO
4890,1,MEXICO
4891,1,MEXICO
4892,1,MEXICO
4893,1,MEXICO
4894,1,MEXICO
4895,1,MEXICO
4896,1,MEXICO
4897,1,MEXICO
4898,1,MEXICO
4899,1,MEXICO
4900,1,MEXICO
4901,1,MEXICO
4902,1,MEXICO
4903,1,MEXICO
4904,1,MEXICO
4905,1,MEXICO
4906,1,MEXICO
4907,1,MEXICO
4908,1,MEXICO
4909,1,MEXICO
4910,1,MEXICO
4911,1,MEXICO
4912,1,MEXICO
4913,1,MEXICO
4914,1,MEXICO
4915,1,MEXICO
4916,1,MEXICO
4917,1,MEXICO
4918,1,MEXICO
4919,1,MEXICO
4920,1,MEXICO
4921,1,MEXICO
4922,1,MEXICO
4923,1,MEXICO
4924,1,MEXICO
4925,1,MEXICO
4926,1,MEXICO
4927,1,MEXICO
4928,1,MEXICO
4929,1,MEXICO
4930,1,MEXICO
4931,1,MEXICO
4932,1,MEXICO
4933,1,MEXICO
4934,1,MEXICO
4935,1,MEXICO
4936,1,MEXICO
4937,1,MEXICO
4938,1,MEXICO
4939,1,MEXICO
4940,1,MEXICO
4941,1,MEXICO
4942,1,MEXICO
4943,1,MEXICO
4944,1,MEXICO
4945,1,MEXICO
4946,1,MEXICO
4947,1,MEXICO
4948,1,MEXICO
4949,1,MEXICO
4950,1,MEXICO
4951,1,MEXICO
4952,1,MEXICO
4953,1,MEXICO
4954,1,MEXICO
4955,1,MEXICO
4956,1,MEXICO
4957,1,MEXICO
4958,1,MEXICO
4959,1,MEXICO
4960,1,MEXICO
4961,1,MEXICO
4962,1,MEXICO
4963,1,MEXICO
4964,1,MEXICO
4965,1,MEXICO
4966,1,MEXICO
4967,1,MEXICO
4968,1,MEXICO
4969,1,MEXICO
4970,1,MEXICO
4971,1,MEXICO
4972,1,MEXICO
4973,1,MEXICO
4974,1,MEXICO
4975,1,MEXICO
4976,1,MEXICO
4977,1,MEXICO
4978,1,MEXICO
4979,1,MEXICO
4980,1,MEXICO
4981,1,MEXICO
4982,1,MEXICO
4983,1,MEXICO
4984,1,MEXICO
4985,1,MEXICO
4986,1,MEXICO
4987,1,MEXICO
4988,1,MEXICO
4989,1,MEXICO
4990,1,MEXICO
4991,1,MEXICO
4992,1,MEXICO
4993,1,MEXICO
4994,1,MEXICO
4995,1,MEXICO
4996,1,MEXICO
4997,1,MEXICO
4998,1,MEXICO
4999,1,MEXICO
5000,1,MEXICO
5001,1,MEXICO
5002,1,MEXICO
5003,1,MEXICO
5004,1,MEXICO
5005,1,MEXICO
5006,1,MEXICO
5007,1,MEXICO
5008,1,MEXICO
5009,1,MEXICO
5010,1,MEXICO
5011,1,MEXICO
5012,1,MEXICO
5013,1,MEXICO
5014,1,MEXICO
5015,1,MEXICO
5016,1,MEXICO
5017,1,MEXICO
5018,1,MEXICO
5019,1,MEXICO
5020,1,MEXICO
5021,1,MEXICO
5022,1,MEXICO
5023,1,MEXICO
5024,1,MEXICO
5025,1,MEXICO
5026,1,MEXICO
5027,1,MEXICO
5028,1,MEXICO
5029,1,MEXICO
5030,1,MEXICO
5031,1,MEXICO
5032,1,MEXICO
5033,1,MEXICO
5034,1,MEXICO
5035,1,MEXICO
5036,1,MEXICO
5037,1,MEXICO
5038,1,MEXICO
5039,1,MEXICO
5040,1,MEXICO
5041,1,MEXICO
5042,1,MEXICO
5043,1,MEXICO
5044,1,MEXICO
5045,1,MEXICO
5046,1,MEXICO
5047,1,MEXICO
5048,1,MEXICO
5049,1,MEXICO
5050,1,MEXICO
5051,1,MEXICO
5052,1,MEXICO
5053,1,MEXICO
5054,1,MEXICO
5055,1,MEXICO
5056,1,MEXICO
5057,1,MEXICO
5058,1,MEXICO
5059,1,MEXICO
5060,1,MEXICO
5061,1,MEXICO
5062,1,MEXICO
5063,1,MEXICO
5064,1,MEXICO
5065,1,MEXICO
5066,1,MEXICO
5067,1,MEXICO
5068,1,MEXICO
5069,1,MEXICO
5070,1,MEXICO
5071,1,MEXICO
5072,1,MEXICO
5073,1,MEXICO
5074,1,MEXICO
5075,1,MEXICO
5076,1,MEXICO
5077,1,MEXICO
5078,1,MEXICO
5079,1,MEXICO
5080,1,MEXICO
5081,1,MEXICO
5082,1,MEXICO
5083,1,MEXICO
5084,1,MEXICO
5085,1,MEXICO
5086,1,MEXICO
5087,1,MEXICO
5088,1,MEXICO
5089,1,MEXICO
5090,1,MEXICO
5091,1,MEXICO
5092,1,MEXICO
5093,1,MEXICO
5094,1,MEXICO
5095,1,MEXICO
5096,1,MEXICO
5097,1,MEXICO
5098,1,MEXICO
5099,1,MEXICO
5100,1,MEXICO
5101,1,MEXICO
5102,1,MEXICO
5103,1,MEXICO
5104,1,MEXICO
5105,1,MEXICO
5106,1,MEXICO
5107,1,MEXICO
5108,1,MEXICO
5109,1,MEXICO
5110,1,MEXICO
5111,1,MEXICO
5112,1,MEXICO
5113,1,MEXICO
5114,1,MEXICO
5115,1,MEXICO
5116,1,MEXICO
5117,1,MEXICO
5118,1,MEXICO
5119,1,MEXICO
5120,1,MEXICO
5121,1,MEXICO
5122,1,MEXICO
5123,1,MEXICO
5124,1,MEXICO
5125,1,MEXICO
5126,1,MEXICO
5127,1,MEXICO
5128,1,MEXICO
5129,1,MEXICO
5130,1,MEXICO
5131,1,MEXICO
5132,1,MEXICO
5133,1,MEXICO
5134,1,MEXICO
5135,1,MEXICO
5136,1,MEXICO
5137,1,MEXICO
5138,1,MEXICO
5139,1,MEXICO
5140,1,MEXICO
5141,1,MEXICO
5142,1,MEXICO
5143,1,MEXICO
5144,1,MEXICO
5145,1,MEXICO
5146,1,MEXICO
5147,1,MEXICO
5148,1,MEXICO
5149,1,MEXICO
5150,1,MEXICO
5151,1,MEXICO
5152,1,MEXICO
5153,1,MEXICO
5154,1,MEXICO
5155,1,MEXICO
5156,1,MEXICO
5157,1,MEXICO
5158,1,MEXICO
5159,1,MEXICO
5160,1,MEXICO
5161,1,MEXICO
5162,1,MEXICO
5163,1,MEXICO
5164,1,MEXICO
5165,1,MEXICO
5166,1,MEXICO
5167,1,MEXICO
5168,1,MEXICO
5169,1,MEXICO
5170,1,MEXICO
5171,1,MEXICO
5172,1,MEXICO
5173,1,MEXICO
5174,1,MEXICO
5175,1,MEXICO
5176,1,MEXICO
5177,1,MEXICO
5178,1,MEXICO
5179,1,MEXICO
5180,1,MEXICO
5181,1,MEXICO
5182,1,MEXICO
5183,1,MEXICO
5184,1,MEXICO
5185,1,MEXICO
5186,1,MEXICO
5187,1,MEXICO
5188,1,MEXICO
5189,1,MEXICO
5190,1,MEXICO
5191,1,MEXICO
5192,1,MEXICO
5193,1,MEXICO
5194,1,MEXICO
5195,1,MEXICO
5196,1,MEXICO
5197,1,MEXICO
5198,1,MEXICO
5199,1,MEXICO
5200,1,MEXICO
5201,1,MEXICO
5202,1,MEXICO
5203,1,MEXICO
5204,1,MEXICO
5205,1,MEXICO
5206,1,MEXICO
5207,1,MEXICO
5208,1,MEXICO
5209,1,MEXICO
5210,1,MEXICO
5211,1,MEXICO
5212,1,MEXICO
5213,1,MEXICO
5214,1,MEXICO
5215,1,MEXICO
5216,1,MEXICO
5217,1,MEXICO
5218,1,MEXICO
5219,1,MEXICO
5220,1,MEXICO
5221,1,MEXICO
5222,1,MEXICO
5223,1,MEXICO
5224,1,MEXICO
5225,1,MEXICO
5226,1,MEXICO
5227,1,MEXICO
5228,1,MEXICO
5229,1,MEXICO
5230,1,MEXICO
5231,1,MEXICO
5232,1,MEXICO
5233,1,MEXICO
5234,1,MEXICO
5235,1,MEXICO
5236,1,MEXICO
5237,1,MEXICO
5238,1,MEXICO
5239,1,MEXICO
5240,1,MEXICO
5241,1,MEXICO
5242,1,MEXICO
5243,1,MEXICO
5244,1,MEXICO
5245,1,MEXICO
5246,1,MEXICO
5247,1,MEXICO
5248,1,MEXICO
5249,1,MEXICO
5250,1,MEXICO
5251,1,MEXICO
5252,1,MEXICO
5253,1,MEXICO
5254,1,MEXICO
5255,1,MEXICO
5256,1,MEXICO
5257,1,MEXICO
5258,1,MEXICO
5259,1,MEXICO
5260,1,MEXICO
5261,1,MEXICO
5262,1,MEXICO
5263,1,MEXICO
5264,1,MEXICO
5265,1,MEXICO
5266,1,MEXICO
5267,1,MEXICO
5268,1,MEXICO
5269,1,MEXICO
5270,1,MEXICO
5271,1,MEXICO
5272,1,MEXICO
5273,1,MEXICO
5274,1,MEXICO
5275,1,MEXICO
5276,1,MEXICO
5277,1,MEXICO
5278,1,MEXICO
5279,1,MEXICO
5280,1,MEXICO
5281,1,MEXICO
5282,1,MEXICO
5283,1,MEXICO
5284,1,MEXICO
5285,1,MEXICO
5286,1,MEXICO
5287,1,MEXICO
5288,1,MEXICO
5289,1,MEXICO
5290,1,MEXICO
5291,1,MEXICO
5292,1,MEXICO
5293,1,MEXICO
5294,1,MEXICO
5295,1,MEXICO
5296,1,MEXICO
5297,1,MEXICO
5298,1,MEXICO
5299,1,MEXICO
5300,1,MEXICO
5301,1,MEXICO
5302,1,MEXICO
5303,1,MEXICO
5304,1,MEXICO
5305,1,MEXICO
5306,1,MEXICO
5307,1,MEXICO
5308,1,MEXICO
5309,1,MEXICO
5310,1,MEXICO
5311,1,MEXICO
5312,1,MEXICO
5313,1,MEXICO
5314,1,MEXICO
5315,1,MEXICO
5316,1,MEXICO
5317,1,MEXICO
5318,1,MEXICO
5319,1,MEXICO
5320,1,MEXICO
5321,1,MEXICO
5322,1,MEXICO
5323,1,MEXICO
5324,1,MEXICO
5325,1,MEXICO
5326,1,MEXICO
5327,1,MEXICO
5328,1,MEXICO
5329,1,MEXICO
5330,1,MEXICO
5331,1,MEXICO
5332,1,MEXICO
5333,1,MEXICO
5334,1,MEXICO
5335,1,MEXICO
5336,1,MEXICO
5337,1,MEXICO
5338,1,MEXICO
5339,1,MEXICO
5340,1,MEXICO
5341,1,MEXICO
5342,1,MEXICO
5343,1,MEXICO
5344,1,MEXICO
5345,1,MEXICO
5346,1,MEXICO
5347,1,MEXICO
5348,1,MEXICO
5349,1,MEXICO
5350,1,MEXICO
5351,1,MEXICO
5352,1,MEXICO
5353,1,MEXICO
5354,1,MEXICO
5355,1,MEXICO
5356,1,MEXICO
5357,1,MEXICO
5358,1,MEXICO
5359,1,MEXICO
5360,1,MEXICO
5361,1,MEXICO
5362,1,MEXICO
5363,1,MEXICO
5364,1,MEXICO
5365,1,MEXICO
5366,1,MEXICO
5367,1,MEXICO
5368,1,MEXICO
5369,1,MEXICO
5370,1,MEXICO
5371,1,MEXICO
5372,1,MEXICO
5373,1,MEXICO
5374,1,MEXICO
5375,1,MEXICO
5376,1,MEXICO
5377,1,MEXICO
5378,1,MEXICO
5379,1,MEXICO
5380,1,MEXICO
5381,1,MEXICO
5382,1,MEXICO
5383,1,MEXICO
5384,1,MEXICO
5385,1,MEXICO
5386,1,MEXICO
5387,1,MEXICO
5388,1,MEXICO
5389,1,MEXICO
5390,1,MEXICO
5391,1,MEXICO
5392,1,MEXICO
5393,1,MEXICO
5394,1,MEXICO
5395,1,MEXICO
5396,1,MEXICO
5397,1,MEXICO
5398,1,MEXICO
5399,1,MEXICO
5400,1,MEXICO
5401,1,MEXICO
5402,1,MEXICO
5403,1,MEXICO
5404,1,MEXICO
5405,1,MEXICO
5406,1,MEXICO
5407,1,MEXICO
5408,1,MEXICO
5409,1,MEXICO
5410,1,MEXICO
5411,1,MEXICO
5412,1,MEXICO
5413,1,MEXICO
5414,1,MEXICO
5415,1,MEXICO
5416,1,MEXICO
5417,1,MEXICO
5418,1,MEXICO
5419,1,MEXICO
5420,1,MEXICO
5421,1,MEXICO
5422,1,MEXICO
5423,1,MEXICO
5424,1,MEXICO
5425,1,MEXICO
5426,1,MEXICO
5427,1,MEXICO
5428,1,MEXICO
5429,1,MEXICO
5430,1,MEXICO
5431,1,MEXICO
5432,1,MEXICO
5433,1,MEXICO
5434,1,MEXICO
5435,1,MEXICO
5436,1,MEXICO
5437,1,MEXICO
5438,1,MEXICO
5439,1,MEXICO
5440,1,MEXICO
5441,1,MEXICO
5442,1,MEXICO
5443,1,MEXICO
5444,1,MEXICO
5445,1,MEXICO
5446,1,MEXICO
5447,1,MEXICO
5448,1,MEXICO
5449,1,MEXICO
5450,1,MEXICO
5451,1,MEXICO
5452,1,MEXICO
5453,1,MEXICO
5454,1,MEXICO
5455,1,MEXICO
5456,1,MEXICO
5457,1,MEXICO
5458,1,MEXICO
5459,1,MEXICO
5460,1,MEXICO
5461,1,MEXICO
5462,1,MEXICO
5463,1,MEXICO
5464,1,MEXICO
5465,1,MEXICO
5466,1,MEXICO
5467,1,MEXICO
5468,1,MEXICO
5469,1,MEXICO
5470,1,MEXICO
5471,1,MEXICO
5472,1,MEXICO
5473,1,MEXICO
5474,1,MEXICO
5475,1,MEXICO
5476,1,MEXICO
5477,1,MEXICO
5478,1,MEXICO
5479,1,MEXICO
5480,1,MEXICO
5481,1,MEXICO
5482,1,MEXICO
5483,1,MEXICO
5484,1,MEXICO
5485,1,MEXICO
5486,1,MEXICO
5487,1,MEXICO
5488,1,MEXICO
5489,1,MEXICO
5490,1,MEXICO
5491,1,MEXICO
5492,1,MEXICO
5493,1,MEXICO
5494,1,MEXICO
5495,1,MEXICO
5496,1,MEXICO
5497,1,MEXICO
5498,1,MEXICO
5499,1,MEXICO
5500,1,MEXICO
5501,1,MEXICO
5502,1,MEXICO
5503,1,MEXICO
5504,1,MEXICO
5505,1,MEXICO
5506,1,MEXICO
5507,1,MEXICO
5508,1,MEXICO
5509,1,MEXICO
5510,1,MEXICO
5511,1,MEXICO
5512,1,MEXICO
5513,1,MEXICO
5514,1,MEXICO
5515,1,MEXICO
5516,1,MEXICO
5517,1,MEXICO
5518,1,MEXICO
5519,1,MEXICO
5520,1,MEXICO
5521,1,MEXICO
5522,1,MEXICO
5523,1,MEXICO
5524,1,MEXICO
5525,1,MEXICO
5526,1,MEXICO
5527,1,MEXICO
5528,1,MEXICO
5529,1,MEXICO
5530,1,MEXICO
5531,1,MEXICO
5532,1,MEXICO
5533,1,MEXICO
5534,1,MEXICO
5535,1,MEXICO
5536,1,MEXICO
5537,1,MEXICO
5538,1,MEXICO
5539,1,MEXICO
5540,1,MEXICO
5541,1,MEXICO
5542,1,MEXICO
5543,1,MEXICO
5544,1,MEXICO
5545,1,MEXICO
5546,1,MEXICO
5547,1,MEXICO
5548,1,MEXICO
5549,1,MEXICO
5550,1,MEXICO
5551,1,MEXICO
5552,1,MEXICO
5553,1,MEXICO
5554,1,MEXICO
5555,1,MEXICO
5556,1,MEXICO
5557,1,MEXICO
5558,1,MEXICO
5559,1,MEXICO
5560,1,MEXICO
5561,1,MEXICO
5562,1,MEXICO
5563,1,MEXICO
5564,1,MEXICO
5565,1,MEXICO
5566,1,MEXICO
5567,1,MEXICO
5568,1,MEXICO
5569,1,MEXICO
5570,1,MEXICO
5571,1,MEXICO
5572,1,MEXICO
5573,1,MEXICO
5574,1,MEXICO
5575,1,MEXICO
5576,1,MEXICO
5577,1,MEXICO
5578,1,MEXICO
5579,1,MEXICO
5580,1,MEXICO
5581,1,MEXICO
5582,1,MEXICO
5583,1,MEXICO
5584,1,MEXICO
5585,1,MEXICO
5586,1,MEXICO
5587,1,MEXICO
5588,1,MEXICO
5589,1,MEXICO
5590,1,MEXICO
5591,1,MEXICO
5592,1,MEXICO
5593,1,MEXICO
5594,1,MEXICO
5595,1,MEXICO
5596,1,MEXICO
5597,1,MEXICO
5598,1,MEXICO
5599,1,MEXICO
5600,1,MEXICO
5601,1,MEXICO
5602,1,MEXICO
5603,1,MEXICO
5604,1,MEXICO
5605,1,MEXICO
5606,1,MEXICO
5607,1,MEXICO
5608,1,MEXICO
5609,1,MEXICO
5610,1,MEXICO
5611,1,MEXICO
5612,1,MEXICO
5613,1,MEXICO
5614,1,MEXICO
5615,1,MEXICO
5616,1,MEXICO
5617,1,MEXICO
5618,1,MEXICO
5619,1,MEXICO
5620,1,MEXICO
5621,1,MEXICO
5622,1,MEXICO
5623,1,MEXICO
5624,1,MEXICO
5625,1,MEXICO
5626,1,MEXICO
5627,1,MEXICO
5628,1,MEXICO
5629,1,MEXICO
5630,1,MEXICO
5631,1,MEXICO
5632,1,MEXICO
5633,1,MEXICO
5634,1,MEXICO
5635,1,MEXICO
5636,1,MEXICO
5637,1,MEXICO
5638,1,MEXICO
5639,1,MEXICO
5640,1,MEXICO
5641,1,MEXICO
5642,1,MEXICO
5643,1,MEXICO
5644,11,VENEZUELA
5645,1,MEXICO
5646,1,MEXICO
5647,1,MEXICO
5648,1,MEXICO
5649,1,MEXICO
5650,1,MEXICO
5651,1,MEXICO
5652,1,MEXICO
5653,1,MEXICO
5654,1,MEXICO
5655,1,MEXICO
5656,1,MEXICO
5657,1,MEXICO
5658,1,MEXICO
5659,1,MEXICO
5660,1,MEXICO
5661,1,MEXICO
5662,1,MEXICO
5663,1,MEXICO
5664,1,MEXICO
5665,1,MEXICO
5666,1,MEXICO
5667,1,MEXICO
5668,1,MEXICO
5669,1,MEXICO
5670,1,MEXICO
5671,1,MEXICO
5672,1,MEXICO
5673,1,MEXICO
5674,1,MEXICO
5675,1,MEXICO
5676,1,MEXICO
5677,1,MEXICO
5678,1,MEXICO
5679,1,MEXICO
5680,1,MEXICO
5681,1,MEXICO
5682,1,MEXICO
5683,1,MEXICO
5684,1,MEXICO
5685,1,MEXICO
5686,1,MEXICO
5687,1,MEXICO
5688,1,MEXICO
5689,1,MEXICO
5690,1,MEXICO
5691,1,MEXICO
5692,1,MEXICO
5693,1,MEXICO
5694,1,MEXICO
5695,1,MEXICO
5696,1,MEXICO
5697,1,MEXICO
5698,1,MEXICO
5699,1,MEXICO
5700,1,MEXICO
5701,1,MEXICO
5702,1,MEXICO
5703,1,MEXICO
5704,1,MEXICO
5705,1,MEXICO
5706,1,MEXICO
5707,1,MEXICO
5708,1,MEXICO
5709,1,MEXICO
5710,1,MEXICO
5711,1,MEXICO
5712,1,MEXICO
5713,1,MEXICO
5714,1,MEXICO
5715,1,MEXICO
5716,1,MEXICO
5717,1,MEXICO
5718,1,MEXICO
5719,1,MEXICO
5720,1,MEXICO
5721,1,MEXICO
5722,1,MEXICO
5723,1,MEXICO
5724,1,MEXICO
5725,1,MEXICO
5726,1,MEXICO
5727,1,MEXICO
5728,1,MEXICO
5729,1,MEXICO
5730,1,MEXICO
5731,1,MEXICO
5732,1,MEXICO
5733,1,MEXICO
5734,1,MEXICO
5735,1,MEXICO
5736,1,MEXICO
5737,1,MEXICO
5738,1,MEXICO
5739,1,MEXICO
5740,1,MEXICO
5741,1,MEXICO
5742,1,MEXICO
5743,1,MEXICO
5744,1,MEXICO
5745,1,MEXICO
5746,1,MEXICO
5747,1,MEXICO
5748,1,MEXICO
5749,1,MEXICO
5750,1,MEXICO
5751,1,MEXICO
5752,1,MEXICO
5753,1,MEXICO
5754,1,MEXICO
5755,1,MEXICO
5756,1,MEXICO
5757,1,MEXICO
5758,1,MEXICO
5759,1,MEXICO
5760,1,MEXICO
5761,1,MEXICO
5762,1,MEXICO
5763,1,MEXICO
5764,1,MEXICO
5765,1,MEXICO
5766,1,MEXICO
5767,1,MEXICO
5768,1,MEXICO
5769,1,MEXICO
5770,1,MEXICO
5771,1,MEXICO
5772,1,MEXICO
5773,1,MEXICO
5774,1,MEXICO
5775,1,MEXICO
5776,1,MEXICO
5777,1,MEXICO
5778,1,MEXICO
5779,1,MEXICO
5780,1,MEXICO
5781,1,MEXICO
5782,1,MEXICO
5783,1,MEXICO
5784,1,MEXICO
5785,1,MEXICO
5786,1,MEXICO
5787,1,MEXICO
5788,1,MEXICO
5789,1,MEXICO
5790,1,MEXICO
5791,1,MEXICO
5792,1,MEXICO
5793,1,MEXICO
5794,1,MEXICO
5795,1,MEXICO
5796,1,MEXICO
5797,1,MEXICO
5798,1,MEXICO
5799,1,MEXICO
5800,1,MEXICO
5801,1,MEXICO
5802,1,MEXICO
5803,1,MEXICO
5804,1,MEXICO
5805,1,MEXICO
5806,1,MEXICO
5807,1,MEXICO
5808,1,MEXICO
5809,1,MEXICO
5810,1,MEXICO
5811,1,MEXICO
5812,1,MEXICO
5813,1,MEXICO
5814,1,MEXICO
5815,1,MEXICO
5816,1,MEXICO
5817,1,MEXICO
5818,1,MEXICO
5819,1,MEXICO
5820,1,MEXICO
5821,1,MEXICO
5822,1,MEXICO
5823,1,MEXICO
5824,1,MEXICO
5825,1,MEXICO
5826,1,MEXICO
5827,1,MEXICO
5828,1,MEXICO
5829,1,MEXICO
5830,1,MEXICO
5831,1,MEXICO
5832,1,MEXICO
5833,1,MEXICO
5834,1,MEXICO
5835,1,MEXICO
5836,1,MEXICO
5837,1,MEXICO
5838,1,MEXICO
5839,1,MEXICO
5840,1,MEXICO
5841,1,MEXICO
5842,1,MEXICO
5843,1,MEXICO
5844,1,MEXICO
5845,1,MEXICO
5846,1,MEXICO
5847,1,MEXICO
5848,1,MEXICO
5849,1,MEXICO
5850,1,MEXICO
5851,1,MEXICO
5852,1,MEXICO
5853,1,MEXICO
5854,1,MEXICO
5855,1,MEXICO
5856,1,MEXICO
5857,1,MEXICO
5858,1,MEXICO
5859,1,MEXICO
5860,1,MEXICO
5861,1,MEXICO
5862,1,MEXICO
5863,1,MEXICO
5864,1,MEXICO
5865,1,MEXICO
5866,1,MEXICO
5867,1,MEXICO
5868,1,MEXICO
5869,1,MEXICO
5870,1,MEXICO
5871,1,MEXICO
5872,1,MEXICO
5873,1,MEXICO
5874,1,MEXICO
5875,1,MEXICO
5876,1,MEXICO
5877,1,MEXICO
5878,1,MEXICO
5879,1,MEXICO
5880,1,MEXICO
5881,1,MEXICO
5882,1,MEXICO
5883,1,MEXICO
5884,1,MEXICO
5885,1,MEXICO
5886,1,MEXICO
5887,1,MEXICO
5888,1,MEXICO
5889,1,MEXICO
5890,1,MEXICO
5891,1,MEXICO
5892,1,MEXICO
5893,1,MEXICO
5894,1,MEXICO
5895,1,MEXICO
5896,1,MEXICO
5897,1,MEXICO
5898,1,MEXICO
5899,1,MEXICO
5900,1,MEXICO
5901,1,MEXICO
5902,1,MEXICO
5903,1,MEXICO
5904,1,MEXICO
5905,1,MEXICO
5906,1,MEXICO
5907,1,MEXICO
5908,1,MEXICO
5909,1,MEXICO
5910,1,MEXICO
5911,1,MEXICO
5912,1,MEXICO
5913,1,MEXICO
5914,1,MEXICO
5915,1,MEXICO
5916,1,MEXICO
5917,1,MEXICO
5918,1,MEXICO
5919,1,MEXICO
5920,1,MEXICO
5921,1,MEXICO
5922,1,MEXICO
5923,1,MEXICO
5924,1,MEXICO
5925,1,MEXICO
5926,1,MEXICO
5927,1,MEXICO
5928,1,MEXICO
5929,1,MEXICO
5930,1,MEXICO
5931,1,MEXICO
5932,1,MEXICO
5933,1,MEXICO
5934,1,MEXICO
5935,1,MEXICO
5936,1,MEXICO
5937,1,MEXICO
5938,1,MEXICO
5939,1,MEXICO
5940,1,MEXICO
5941,1,MEXICO
5942,1,MEXICO
5943,1,MEXICO
5944,1,MEXICO
5945,1,MEXICO
5946,1,MEXICO
5947,1,MEXICO
5948,1,MEXICO
5949,1,MEXICO
5950,1,MEXICO
5951,1,MEXICO
5952,1,MEXICO
5953,1,MEXICO
5954,1,MEXICO
5955,1,MEXICO
5956,1,MEXICO
5957,1,MEXICO
5958,1,MEXICO
5959,1,MEXICO
5960,1,MEXICO
5961,1,MEXICO
5962,1,MEXICO
5963,1,MEXICO
5964,1,MEXICO
5965,1,MEXICO
5966,1,MEXICO
5967,1,MEXICO
5968,1,MEXICO
5969,1,MEXICO
5970,1,MEXICO
5971,1,MEXICO
5972,1,MEXICO
5973,1,MEXICO
5974,1,MEXICO
5975,1,MEXICO
5976,1,MEXICO
5977,1,MEXICO
5978,1,MEXICO
5979,1,MEXICO
5980,1,MEXICO
5981,1,MEXICO
5982,1,MEXICO
5983,1,MEXICO
5984,1,MEXICO
5985,1,MEXICO
5986,1,MEXICO
5987,1,MEXICO
5988,1,MEXICO
5989,1,MEXICO
5990,1,MEXICO
5991,1,MEXICO
5992,1,MEXICO
5993,1,MEXICO
5994,1,MEXICO
5995,1,MEXICO
5996,1,MEXICO
5997,1,MEXICO
5998,1,MEXICO
5999,1,MEXICO
6000,1,MEXICO
6001,1,MEXICO
6002,1,MEXICO
6003,1,MEXICO
6004,1,MEXICO
6005,1,MEXICO
6006,1,MEXICO
6007,1,MEXICO
6008,1,MEXICO
6009,1,MEXICO
6010,1,MEXICO
6011,1,MEXICO
6012,1,MEXICO
6013,1,MEXICO
6014,1,MEXICO
6015,1,MEXICO
6016,1,MEXICO
6017,1,MEXICO
6018,1,MEXICO
6019,1,MEXICO
6020,1,MEXICO
6021,1,MEXICO
6022,1,MEXICO
6023,1,MEXICO
6024,1,MEXICO
6025,1,MEXICO
6026,1,MEXICO
6027,1,MEXICO
6028,1,MEXICO
6029,1,MEXICO
6030,1,MEXICO
6031,1,MEXICO
6032,1,MEXICO
6033,1,MEXICO
6034,1,MEXICO
6035,1,MEXICO
6036,1,MEXICO
6037,1,MEXICO
6038,1,MEXICO
6039,1,MEXICO
6040,1,MEXICO
6041,1,MEXICO
6042,1,MEXICO
6043,1,MEXICO
6044,1,MEXICO
6045,1,MEXICO
6046,1,MEXICO
6047,1,MEXICO
6048,1,MEXICO
6049,1,MEXICO
6050,1,MEXICO
6051,1,MEXICO
6052,1,MEXICO
6053,1,MEXICO
6054,1,MEXICO
6055,1,MEXICO
6056,1,MEXICO
6057,1,MEXICO
6058,1,MEXICO
6059,1,MEXICO
6060,1,MEXICO
6061,1,MEXICO
6062,1,MEXICO
6063,1,MEXICO
6064,1,MEXICO
6065,1,MEXICO
6066,1,MEXICO
6067,1,MEXICO
6068,1,MEXICO
6069,1,MEXICO
6070,1,MEXICO
6071,1,MEXICO
6072,1,MEXICO
6073,1,MEXICO
6074,1,MEXICO
6075,1,MEXICO
6076,1,MEXICO
6077,1,MEXICO
6078,1,MEXICO
6079,1,MEXICO
6080,1,MEXICO
6081,1,MEXICO
6082,1,MEXICO
6083,1,MEXICO
6084,1,MEXICO
6085,1,MEXICO
6086,1,MEXICO
6087,1,MEXICO
6088,1,MEXICO
6089,1,MEXICO
6090,1,MEXICO
6091,1,MEXICO
6092,1,MEXICO
6093,1,MEXICO
6094,1,MEXICO
6095,1,MEXICO
6096,1,MEXICO
6097,1,MEXICO
6098,1,MEXICO
6099,1,MEXICO
6100,1,MEXICO
6101,1,MEXICO
6102,1,MEXICO
6103,1,MEXICO
6104,1,MEXICO
6105,1,MEXICO
6106,1,MEXICO
6107,1,MEXICO
6108,1,MEXICO
6109,1,MEXICO
6110,1,MEXICO
6111,1,MEXICO
6112,1,MEXICO
6113,1,MEXICO
6114,1,MEXICO
6115,1,MEXICO
6116,1,MEXICO
6117,1,MEXICO
6118,1,MEXICO
6119,1,MEXICO
6120,1,MEXICO
6121,1,MEXICO
6122,1,MEXICO
6123,1,MEXICO
6124,1,MEXICO
6125,1,MEXICO
6126,1,MEXICO
6127,1,MEXICO
6128,1,MEXICO
6129,1,MEXICO
6130,1,MEXICO
6131,1,MEXICO
6132,1,MEXICO
6133,1,MEXICO
6134,1,MEXICO
6135,1,MEXICO
6136,1,MEXICO
6137,1,MEXICO
6138,1,MEXICO
6139,1,MEXICO
6140,1,MEXICO
6141,1,MEXICO
6142,1,MEXICO
6143,1,MEXICO
6144,1,MEXICO
6145,1,MEXICO
6146,1,MEXICO
6147,1,MEXICO
6148,1,MEXICO
6149,1,MEXICO
6150,1,MEXICO
6151,1,MEXICO
6152,1,MEXICO
6153,1,MEXICO
6154,1,MEXICO
6155,1,MEXICO
6156,1,MEXICO
6157,1,MEXICO
6158,1,MEXICO
6159,1,MEXICO
6160,1,MEXICO
6161,1,MEXICO
6162,1,MEXICO
6163,1,MEXICO
6164,1,MEXICO
6165,1,MEXICO
6166,1,MEXICO
6167,1,MEXICO
6168,1,MEXICO
6169,1,MEXICO
6170,1,MEXICO
6171,1,MEXICO
6172,1,MEXICO
6173,1,MEXICO
6174,1,MEXICO
6175,1,MEXICO
6176,1,MEXICO
6177,1,MEXICO
6178,1,MEXICO
6179,1,MEXICO
6180,1,MEXICO
6181,1,MEXICO
6182,1,MEXICO
6183,1,MEXICO
6184,1,MEXICO
6185,1,MEXICO
6186,1,MEXICO
6187,1,MEXICO
6188,1,MEXICO
6189,1,MEXICO
6190,1,MEXICO
6191,1,MEXICO
6192,1,MEXICO
6193,1,MEXICO
6194,1,MEXICO
6195,1,MEXICO
6196,1,MEXICO
6197,1,MEXICO
6198,1,MEXICO
6199,1,MEXICO
6200,1,MEXICO
6201,1,MEXICO
6202,1,MEXICO
6203,1,MEXICO
6204,1,MEXICO
6205,1,MEXICO
6206,1,MEXICO
6207,1,MEXICO
6208,1,MEXICO
6209,1,MEXICO
6210,1,MEXICO
6211,1,MEXICO
6212,1,MEXICO
6213,1,MEXICO
6214,1,MEXICO
6215,1,MEXICO
6216,1,MEXICO
6217,1,MEXICO
6218,1,MEXICO
6219,1,MEXICO
6220,1,MEXICO
6221,1,MEXICO
6222,1,MEXICO
6223,1,MEXICO
6224,1,MEXICO
6225,1,MEXICO
6226,1,MEXICO
6227,1,MEXICO
6228,1,MEXICO
6229,1,MEXICO
6230,1,MEXICO
6231,1,MEXICO
6232,1,MEXICO
6233,1,MEXICO
6234,1,MEXICO
6235,1,MEXICO
6236,1,MEXICO
6237,1,MEXICO
6238,1,MEXICO
6239,1,MEXICO
6240,1,MEXICO
6241,1,MEXICO
6242,1,MEXICO
6243,1,MEXICO
6244,1,MEXICO
6245,1,MEXICO
6246,1,MEXICO
6247,1,MEXICO
6248,1,MEXICO
6249,1,MEXICO
6250,1,MEXICO
6251,1,MEXICO
6252,1,MEXICO
6253,1,MEXICO
6254,1,MEXICO
6255,1,MEXICO
6256,1,MEXICO
6257,1,MEXICO
6258,1,MEXICO
6259,1,MEXICO
6260,1,MEXICO
6261,1,MEXICO
6262,1,MEXICO
6263,1,MEXICO
6264,1,MEXICO
6265,1,MEXICO
6266,1,MEXICO
6267,1,MEXICO
6268,1,MEXICO
6269,1,MEXICO
6270,1,MEXICO
6271,1,MEXICO
6272,1,MEXICO
6273,1,MEXICO
6274,1,MEXICO
6275,1,MEXICO
6276,1,MEXICO
6277,1,MEXICO
6278,1,MEXICO
6279,1,MEXICO
6280,1,MEXICO
6281,1,MEXICO
6282,1,MEXICO
6283,1,MEXICO
6284,1,MEXICO
6285,1,MEXICO
6286,1,MEXICO
6287,1,MEXICO
6288,1,MEXICO
6289,1,MEXICO
6290,1,MEXICO
6291,1,MEXICO
6292,1,MEXICO
6293,1,MEXICO
6294,1,MEXICO
6295,1,MEXICO
6296,1,MEXICO
6297,1,MEXICO
6298,1,MEXICO
6299,1,MEXICO
6300,1,MEXICO
6301,1,MEXICO
6302,1,MEXICO
6303,1,MEXICO
6304,1,MEXICO
6305,1,MEXICO
6306,1,MEXICO
6307,1,MEXICO
6308,1,MEXICO
6309,1,MEXICO
6310,1,MEXICO
6311,1,MEXICO
6312,1,MEXICO
6313,1,MEXICO
6314,1,MEXICO
6315,1,MEXICO
6316,1,MEXICO
6317,1,MEXICO
6318,1,MEXICO
6319,1,MEXICO
6320,1,MEXICO
6321,1,MEXICO
6322,1,MEXICO
6323,1,MEXICO
6324,1,MEXICO
6325,1,MEXICO
6326,1,MEXICO
6327,1,MEXICO
6328,1,MEXICO
6329,1,MEXICO
6330,1,MEXICO
6331,1,MEXICO
6332,1,MEXICO
6333,1,MEXICO
6334,1,MEXICO
6335,1,MEXICO
6336,1,MEXICO
6337,1,MEXICO
6338,1,MEXICO
6339,1,MEXICO
6340,1,MEXICO
6341,1,MEXICO
6342,1,MEXICO
6343,1,MEXICO
6344,1,MEXICO
6345,1,MEXICO
6346,1,MEXICO
6347,1,MEXICO
6348,1,MEXICO
6349,13,BRASIL
6350,1,MEXICO
6351,1,MEXICO
6352,1,MEXICO
6353,1,MEXICO
6354,1,MEXICO
6355,1,MEXICO
6356,1,MEXICO
6357,1,MEXICO
6358,1,MEXICO
6359,1,MEXICO
6360,1,MEXICO
6361,1,MEXICO
6362,1,MEXICO
6363,1,MEXICO
6364,1,MEXICO
6365,1,MEXICO
6366,1,MEXICO
6367,1,MEXICO
6368,1,MEXICO
6369,1,MEXICO
6370,1,MEXICO
6371,1,MEXICO
6372,1,MEXICO
6373,1,MEXICO
6374,1,MEXICO
6375,1,MEXICO
6376,1,MEXICO
6377,1,MEXICO
6378,1,MEXICO
6379,1,MEXICO
6380,1,MEXICO
6381,1,MEXICO
6382,1,MEXICO
6383,1,MEXICO
6384,1,MEXICO
6385,1,MEXICO
6386,1,MEXICO
6387,1,MEXICO
6388,1,MEXICO
6389,1,MEXICO
6390,1,MEXICO
6391,1,MEXICO
6392,1,MEXICO
6393,1,MEXICO
6394,1,MEXICO
6395,1,MEXICO
6396,1,MEXICO
6397,1,MEXICO
6398,1,MEXICO
6399,1,MEXICO
6400,1,MEXICO
6401,1,MEXICO
6402,1,MEXICO
6403,1,MEXICO
6404,1,MEXICO
6405,1,MEXICO
6406,1,MEXICO
6407,1,MEXICO
6408,1,MEXICO
6409,1,MEXICO
6410,1,MEXICO
6411,1,MEXICO
6412,1,MEXICO
6413,1,MEXICO
6414,1,MEXICO
6415,1,MEXICO
6416,1,MEXICO
6417,1,MEXICO
6418,1,MEXICO
6419,1,MEXICO
6420,1,MEXICO
6421,1,MEXICO
6422,1,MEXICO
6423,1,MEXICO
6424,1,MEXICO
6425,1,MEXICO
6426,1,MEXICO
6427,1,MEXICO
6428,1,MEXICO
6429,1,MEXICO
6430,1,MEXICO
6431,1,MEXICO
6432,1,MEXICO
6433,1,MEXICO
6434,1,MEXICO
6435,1,MEXICO
6436,1,MEXICO
6437,1,MEXICO
6438,1,MEXICO
6439,1,MEXICO
6440,1,MEXICO
6441,1,MEXICO
6442,1,MEXICO
6443,1,MEXICO
6444,1,MEXICO
6445,1,MEXICO
6446,1,MEXICO
6447,1,MEXICO
6448,1,MEXICO
6449,1,MEXICO
6450,1,MEXICO
6451,1,MEXICO
6452,1,MEXICO
6453,1,MEXICO
6454,1,MEXICO
6455,1,MEXICO
6456,1,MEXICO
6457,1,MEXICO
6458,1,MEXICO
6459,1,MEXICO
6460,1,MEXICO
6461,1,MEXICO
6462,1,MEXICO
6463,1,MEXICO
6464,1,MEXICO
6465,1,MEXICO
6466,1,MEXICO
6467,1,MEXICO
6468,1,MEXICO
6469,1,MEXICO
6470,1,MEXICO
6471,1,MEXICO
6472,1,MEXICO
6473,1,MEXICO
6474,1,MEXICO
6475,1,MEXICO
6476,1,MEXICO
6477,1,MEXICO
6478,1,MEXICO
6479,1,MEXICO
6480,1,MEXICO
6481,1,MEXICO
6482,1,MEXICO
6483,1,MEXICO
6484,1,MEXICO
6485,1,MEXICO
6486,1,MEXICO
6487,1,MEXICO
6488,1,MEXICO
6489,1,MEXICO
6490,1,MEXICO
6491,1,MEXICO
6492,2,ESPANA
6493,1,MEXICO
